,0,1,2,3,4,5,6,7,8,9,10,11,12,13,14,15,16,17,18,19,20,21,22,23
0,HALLMARK_TNFA_SIGNALING_VIA_NFKB,HALLMARK_TNFA_SIGNALING_VIA_NFKB,KEGG_VIRAL_MYOCARDITIS,MODULE_208,,,,,,,,,,,,,,,,,,,,
1,HALLMARK_HYPOXIA,HALLMARK_HYPOXIA,,,,,,,,,,,,,,,,,,,,,,
2,HALLMARK_CHOLESTEROL_HOMEOSTASIS,HALLMARK_CHOLESTEROL_HOMEOSTASIS,,,,,,,,,,,,,,,,,,,,,,
3,HALLMARK_MITOTIC_SPINDLE,HALLMARK_MITOTIC_SPINDLE,,,,,,,,,,,,,,,,,,,,,,
4,HALLMARK_WNT_BETA_CATENIN_SIGNALING,HALLMARK_WNT_BETA_CATENIN_SIGNALING,,,,,,,,,,,,,,,,,,,,,,
5,HALLMARK_TGF_BETA_SIGNALING,HALLMARK_TGF_BETA_SIGNALING,,,,,,,,,,,,,,,,,,,,,,
6,HALLMARK_IL6_JAK_STAT3_SIGNALING,HALLMARK_IL6_JAK_STAT3_SIGNALING,MODULE_76,MODULE_177,,,,,,,,,,,,,,,,,,,,
7,HALLMARK_DNA_REPAIR,HALLMARK_DNA_REPAIR,,,,,,,,,,,,,,,,,,,,,,
8,HALLMARK_G2M_CHECKPOINT,HALLMARK_G2M_CHECKPOINT,MODULE_57,,,,,,,,,,,,,,,,,,,,,
9,HALLMARK_APOPTOSIS,HALLMARK_APOPTOSIS,,,,,,,,,,,,,,,,,,,,,,
10,HALLMARK_NOTCH_SIGNALING,HALLMARK_NOTCH_SIGNALING,,,,,,,,,,,,,,,,,,,,,,
11,HALLMARK_ADIPOGENESIS,HALLMARK_ADIPOGENESIS,,,,,,,,,,,,,,,,,,,,,,
12,HALLMARK_ESTROGEN_RESPONSE_EARLY,HALLMARK_ESTROGEN_RESPONSE_EARLY,MODULE_129,,,,,,,,,,,,,,,,,,,,,
13,HALLMARK_ESTROGEN_RESPONSE_LATE,HALLMARK_ESTROGEN_RESPONSE_LATE,ERB2_UP.V1_UP,IL21_UP.V1_UP,,,,,,,,,,,,,,,,,,,,
14,HALLMARK_ANDROGEN_RESPONSE,HALLMARK_ANDROGEN_RESPONSE,,,,,,,,,,,,,,,,,,,,,,
15,HALLMARK_MYOGENESIS,HALLMARK_MYOGENESIS,,,,,,,,,,,,,,,,,,,,,,
16,HALLMARK_PROTEIN_SECRETION,HALLMARK_PROTEIN_SECRETION,,,,,,,,,,,,,,,,,,,,,,
17,HALLMARK_INTERFERON_ALPHA_RESPONSE,HALLMARK_INTERFERON_ALPHA_RESPONSE,HALLMARK_INTERFERON_GAMMA_RESPONSE,,,,,,,,,,,,,,,,,,,,,
18,HALLMARK_INTERFERON_GAMMA_RESPONSE,HALLMARK_INTERFERON_ALPHA_RESPONSE,HALLMARK_INTERFERON_GAMMA_RESPONSE,,,,,,,,,,,,,,,,,,,,,
19,HALLMARK_APICAL_JUNCTION,HALLMARK_APICAL_JUNCTION,,,,,,,,,,,,,,,,,,,,,,
20,HALLMARK_APICAL_SURFACE,HALLMARK_APICAL_SURFACE,,,,,,,,,,,,,,,,,,,,,,
21,HALLMARK_HEDGEHOG_SIGNALING,HALLMARK_HEDGEHOG_SIGNALING,,,,,,,,,,,,,,,,,,,,,,
22,HALLMARK_COMPLEMENT,HALLMARK_COMPLEMENT,KEGG_CYTOKINE_CYTOKINE_RECEPTOR_INTERACTION,MODULE_171,,,,,,,,,,,,,,,,,,,,
23,HALLMARK_UNFOLDED_PROTEIN_RESPONSE,HALLMARK_UNFOLDED_PROTEIN_RESPONSE,,,,,,,,,,,,,,,,,,,,,,
24,HALLMARK_PI3K_AKT_MTOR_SIGNALING,HALLMARK_PI3K_AKT_MTOR_SIGNALING,,,,,,,,,,,,,,,,,,,,,,
25,HALLMARK_MTORC1_SIGNALING,HALLMARK_MTORC1_SIGNALING,GLI1_UP.V1_UP,ESC_V6.5_UP_LATE.V1_UP,,,,,,,,,,,,,,,,,,,,
26,HALLMARK_E2F_TARGETS,HALLMARK_E2F_TARGETS,MODULE_125,MODULE_158,,,,,,,,,,,,,,,,,,,,
27,HALLMARK_MYC_TARGETS_V1,HALLMARK_MYC_TARGETS_V1,GCM_RAF1,,,,,,,,,,,,,,,,,,,,,
28,HALLMARK_MYC_TARGETS_V2,HALLMARK_MYC_TARGETS_V2,,,,,,,,,,,,,,,,,,,,,,
29,HALLMARK_EPITHELIAL_MESENCHYMAL_TRANSITION,HALLMARK_EPITHELIAL_MESENCHYMAL_TRANSITION,HALLMARK_ANGIOGENESIS,MODULE_47,,,,,,,,,,,,,,,,,,,,
30,HALLMARK_INFLAMMATORY_RESPONSE,HALLMARK_INFLAMMATORY_RESPONSE,KEGG_HEMATOPOIETIC_CELL_LINEAGE,,,,,,,,,,,,,,,,,,,,,
31,HALLMARK_XENOBIOTIC_METABOLISM,HALLMARK_XENOBIOTIC_METABOLISM,KEGG_PORPHYRIN_AND_CHLOROPHYLL_METABOLISM,,,,,,,,,,,,,,,,,,,,,
32,HALLMARK_FATTY_ACID_METABOLISM,HALLMARK_FATTY_ACID_METABOLISM,MODULE_286,,,,,,,,,,,,,,,,,,,,,
33,HALLMARK_OXIDATIVE_PHOSPHORYLATION,HALLMARK_OXIDATIVE_PHOSPHORYLATION,,,,,,,,,,,,,,,,,,,,,,
34,HALLMARK_GLYCOLYSIS,HALLMARK_GLYCOLYSIS,KEGG_AMINO_SUGAR_AND_NUCLEOTIDE_SUGAR_METABOLISM,,,,,,,,,,,,,,,,,,,,,
35,HALLMARK_REACTIVE_OXIGEN_SPECIES_PATHWAY,HALLMARK_REACTIVE_OXIGEN_SPECIES_PATHWAY,,,,,,,,,,,,,,,,,,,,,,
36,HALLMARK_P53_PATHWAY,HALLMARK_P53_PATHWAY,,,,,,,,,,,,,,,,,,,,,,
37,HALLMARK_UV_RESPONSE_UP,HALLMARK_UV_RESPONSE_UP,,,,,,,,,,,,,,,,,,,,,,
38,HALLMARK_UV_RESPONSE_DN,HALLMARK_UV_RESPONSE_DN,,,,,,,,,,,,,,,,,,,,,,
39,HALLMARK_ANGIOGENESIS,HALLMARK_EPITHELIAL_MESENCHYMAL_TRANSITION,HALLMARK_ANGIOGENESIS,,,,,,,,,,,,,,,,,,,,,
40,HALLMARK_HEME_METABOLISM,HALLMARK_HEME_METABOLISM,KEGG_ADIPOCYTOKINE_SIGNALING_PATHWAY,,,,,,,,,,,,,,,,,,,,,
41,HALLMARK_COAGULATION,HALLMARK_COAGULATION,ATF2_S_UP.V1_DN,,,,,,,,,,,,,,,,,,,,,
42,HALLMARK_IL2_STAT5_SIGNALING,HALLMARK_IL2_STAT5_SIGNALING,ATF2_UP.V1_DN,,,,,,,,,,,,,,,,,,,,,
43,HALLMARK_BILE_ACID_METABOLISM,HALLMARK_BILE_ACID_METABOLISM,,,,,,,,,,,,,,,,,,,,,,
44,HALLMARK_PEROXISOME,HALLMARK_PEROXISOME,,,,,,,,,,,,,,,,,,,,,,
45,HALLMARK_ALLOGRAFT_REJECTION,HALLMARK_ALLOGRAFT_REJECTION,,,,,,,,,,,,,,,,,,,,,,
46,HALLMARK_SPERMATOGENESIS,HALLMARK_SPERMATOGENESIS,,,,,,,,,,,,,,,,,,,,,,
47,HALLMARK_KRAS_SIGNALING_UP,HALLMARK_KRAS_SIGNALING_UP,KEGG_CHEMOKINE_SIGNALING_PATHWAY,KEGG_NATURAL_KILLER_CELL_MEDIATED_CYTOTOXICITY,MODULE_79,MODULE_170,,,,,,,,,,,,,,,,,,
48,HALLMARK_KRAS_SIGNALING_DN,HALLMARK_KRAS_SIGNALING_DN,KEGG_GNRH_SIGNALING_PATHWAY,IL21_UP.V1_DN,KRAS.BREAST_UP.V1_DN,KRAS.LUNG.BREAST_UP.V1_DN,,,,,,,,,,,,,,,,,,
49,HALLMARK_PANCREAS_BETA_CELLS,HALLMARK_PANCREAS_BETA_CELLS,,,,,,,,,,,,,,,,,,,,,,
50,KEGG_GLYCOLYSIS_GLUCONEOGENESIS,KEGG_GLYCOLYSIS_GLUCONEOGENESIS,,,,,,,,,,,,,,,,,,,,,,
51,KEGG_CITRATE_CYCLE_TCA_CYCLE,KEGG_CITRATE_CYCLE_TCA_CYCLE,,,,,,,,,,,,,,,,,,,,,,
52,KEGG_PENTOSE_PHOSPHATE_PATHWAY,KEGG_PENTOSE_PHOSPHATE_PATHWAY,,,,,,,,,,,,,,,,,,,,,,
53,KEGG_PENTOSE_AND_GLUCURONATE_INTERCONVERSIONS,KEGG_PENTOSE_AND_GLUCURONATE_INTERCONVERSIONS,MODULE_192,,,,,,,,,,,,,,,,,,,,,
54,KEGG_FRUCTOSE_AND_MANNOSE_METABOLISM,KEGG_FRUCTOSE_AND_MANNOSE_METABOLISM,,,,,,,,,,,,,,,,,,,,,,
55,KEGG_GALACTOSE_METABOLISM,KEGG_GALACTOSE_METABOLISM,,,,,,,,,,,,,,,,,,,,,,
56,KEGG_ASCORBATE_AND_ALDARATE_METABOLISM,KEGG_ASCORBATE_AND_ALDARATE_METABOLISM,,,,,,,,,,,,,,,,,,,,,,
57,KEGG_FATTY_ACID_METABOLISM,KEGG_FATTY_ACID_METABOLISM,,,,,,,,,,,,,,,,,,,,,,
58,KEGG_STEROID_BIOSYNTHESIS,KEGG_STEROID_BIOSYNTHESIS,,,,,,,,,,,,,,,,,,,,,,
59,KEGG_PRIMARY_BILE_ACID_BIOSYNTHESIS,KEGG_PRIMARY_BILE_ACID_BIOSYNTHESIS,,,,,,,,,,,,,,,,,,,,,,
60,KEGG_STEROID_HORMONE_BIOSYNTHESIS,KEGG_STEROID_HORMONE_BIOSYNTHESIS,KEGG_DRUG_METABOLISM_CYTOCHROME_P450,,,,,,,,,,,,,,,,,,,,,
61,KEGG_OXIDATIVE_PHOSPHORYLATION,KEGG_OXIDATIVE_PHOSPHORYLATION,KEGG_PARKINSONS_DISEASE,MODULE_62,MODULE_116,MODULE_152,,,,,,,,,,,,,,,,,,
62,KEGG_PURINE_METABOLISM,KEGG_PURINE_METABOLISM,,,,,,,,,,,,,,,,,,,,,,
63,KEGG_PYRIMIDINE_METABOLISM,KEGG_PYRIMIDINE_METABOLISM,,,,,,,,,,,,,,,,,,,,,,
64,KEGG_ALANINE_ASPARTATE_AND_GLUTAMATE_METABOLISM,KEGG_ALANINE_ASPARTATE_AND_GLUTAMATE_METABOLISM,,,,,,,,,,,,,,,,,,,,,,
65,KEGG_GLYCINE_SERINE_AND_THREONINE_METABOLISM,KEGG_GLYCINE_SERINE_AND_THREONINE_METABOLISM,,,,,,,,,,,,,,,,,,,,,,
66,KEGG_CYSTEINE_AND_METHIONINE_METABOLISM,KEGG_CYSTEINE_AND_METHIONINE_METABOLISM,,,,,,,,,,,,,,,,,,,,,,
67,KEGG_VALINE_LEUCINE_AND_ISOLEUCINE_DEGRADATION,KEGG_VALINE_LEUCINE_AND_ISOLEUCINE_DEGRADATION,MODULE_184,MODULE_221,,,,,,,,,,,,,,,,,,,,
68,KEGG_VALINE_LEUCINE_AND_ISOLEUCINE_BIOSYNTHESIS,KEGG_VALINE_LEUCINE_AND_ISOLEUCINE_BIOSYNTHESIS,,,,,,,,,,,,,,,,,,,,,,
69,KEGG_LYSINE_DEGRADATION,KEGG_LYSINE_DEGRADATION,,,,,,,,,,,,,,,,,,,,,,
70,KEGG_ARGININE_AND_PROLINE_METABOLISM,KEGG_ARGININE_AND_PROLINE_METABOLISM,,,,,,,,,,,,,,,,,,,,,,
71,KEGG_HISTIDINE_METABOLISM,KEGG_HISTIDINE_METABOLISM,,,,,,,,,,,,,,,,,,,,,,
72,KEGG_TYROSINE_METABOLISM,KEGG_TYROSINE_METABOLISM,KEGG_LINOLEIC_ACID_METABOLISM,GNF2_SPRR1B,GLI1_UP.V1_DN,,,,,,,,,,,,,,,,,,,
73,KEGG_PHENYLALANINE_METABOLISM,KEGG_PHENYLALANINE_METABOLISM,,,,,,,,,,,,,,,,,,,,,,
74,KEGG_TRYPTOPHAN_METABOLISM,KEGG_TRYPTOPHAN_METABOLISM,,,,,,,,,,,,,,,,,,,,,,
75,KEGG_BETA_ALANINE_METABOLISM,KEGG_BETA_ALANINE_METABOLISM,,,,,,,,,,,,,,,,,,,,,,
76,KEGG_TAURINE_AND_HYPOTAURINE_METABOLISM,KEGG_TAURINE_AND_HYPOTAURINE_METABOLISM,,,,,,,,,,,,,,,,,,,,,,
77,KEGG_SELENOAMINO_ACID_METABOLISM,KEGG_SELENOAMINO_ACID_METABOLISM,,,,,,,,,,,,,,,,,,,,,,
78,KEGG_GLUTATHIONE_METABOLISM,KEGG_GLUTATHIONE_METABOLISM,,,,,,,,,,,,,,,,,,,,,,
79,KEGG_STARCH_AND_SUCROSE_METABOLISM,KEGG_STARCH_AND_SUCROSE_METABOLISM,,,,,,,,,,,,,,,,,,,,,,
80,KEGG_N_GLYCAN_BIOSYNTHESIS,KEGG_N_GLYCAN_BIOSYNTHESIS,,,,,,,,,,,,,,,,,,,,,,
81,KEGG_OTHER_GLYCAN_DEGRADATION,KEGG_OTHER_GLYCAN_DEGRADATION,,,,,,,,,,,,,,,,,,,,,,
82,KEGG_O_GLYCAN_BIOSYNTHESIS,KEGG_O_GLYCAN_BIOSYNTHESIS,,,,,,,,,,,,,,,,,,,,,,
83,KEGG_AMINO_SUGAR_AND_NUCLEOTIDE_SUGAR_METABOLISM,HALLMARK_GLYCOLYSIS,KEGG_AMINO_SUGAR_AND_NUCLEOTIDE_SUGAR_METABOLISM,,,,,,,,,,,,,,,,,,,,,
84,KEGG_GLYCOSAMINOGLYCAN_DEGRADATION,KEGG_GLYCOSAMINOGLYCAN_DEGRADATION,,,,,,,,,,,,,,,,,,,,,,
85,KEGG_GLYCOSAMINOGLYCAN_BIOSYNTHESIS_CHONDROITIN_SULFATE,KEGG_GLYCOSAMINOGLYCAN_BIOSYNTHESIS_CHONDROITIN_SULFATE,,,,,,,,,,,,,,,,,,,,,,
86,KEGG_GLYCOSAMINOGLYCAN_BIOSYNTHESIS_KERATAN_SULFATE,KEGG_GLYCOSAMINOGLYCAN_BIOSYNTHESIS_KERATAN_SULFATE,,,,,,,,,,,,,,,,,,,,,,
87,KEGG_GLYCOSAMINOGLYCAN_BIOSYNTHESIS_HEPARAN_SULFATE,KEGG_GLYCOSAMINOGLYCAN_BIOSYNTHESIS_HEPARAN_SULFATE,KEGG_AXON_GUIDANCE,KRAS.600_UP.V1_UP,,,,,,,,,,,,,,,,,,,,
88,KEGG_GLYCEROLIPID_METABOLISM,KEGG_GLYCEROLIPID_METABOLISM,GNF2_ANK1,GNF2_SPTB,,,,,,,,,,,,,,,,,,,,
89,KEGG_INOSITOL_PHOSPHATE_METABOLISM,KEGG_INOSITOL_PHOSPHATE_METABOLISM,,,,,,,,,,,,,,,,,,,,,,
90,KEGG_GLYCOSYLPHOSPHATIDYLINOSITOL_GPI_ANCHOR_BIOSYNTHESIS,KEGG_GLYCOSYLPHOSPHATIDYLINOSITOL_GPI_ANCHOR_BIOSYNTHESIS,,,,,,,,,,,,,,,,,,,,,,
91,KEGG_GLYCEROPHOSPHOLIPID_METABOLISM,KEGG_GLYCEROPHOSPHOLIPID_METABOLISM,KRAS.AMP.LUNG_UP.V1_DN,,,,,,,,,,,,,,,,,,,,,
92,KEGG_ETHER_LIPID_METABOLISM,KEGG_ETHER_LIPID_METABOLISM,MODULE_440,,,,,,,,,,,,,,,,,,,,,
93,KEGG_ARACHIDONIC_ACID_METABOLISM,KEGG_ARACHIDONIC_ACID_METABOLISM,,,,,,,,,,,,,,,,,,,,,,
94,KEGG_LINOLEIC_ACID_METABOLISM,KEGG_TYROSINE_METABOLISM,KEGG_LINOLEIC_ACID_METABOLISM,,,,,,,,,,,,,,,,,,,,,
95,KEGG_ALPHA_LINOLENIC_ACID_METABOLISM,KEGG_ALPHA_LINOLENIC_ACID_METABOLISM,,,,,,,,,,,,,,,,,,,,,,
96,KEGG_SPHINGOLIPID_METABOLISM,KEGG_SPHINGOLIPID_METABOLISM,,,,,,,,,,,,,,,,,,,,,,
97,KEGG_GLYCOSPHINGOLIPID_BIOSYNTHESIS_LACTO_AND_NEOLACTO_SERIES,KEGG_GLYCOSPHINGOLIPID_BIOSYNTHESIS_LACTO_AND_NEOLACTO_SERIES,,,,,,,,,,,,,,,,,,,,,,
98,KEGG_GLYCOSPHINGOLIPID_BIOSYNTHESIS_GLOBO_SERIES,KEGG_GLYCOSPHINGOLIPID_BIOSYNTHESIS_GLOBO_SERIES,,,,,,,,,,,,,,,,,,,,,,
99,KEGG_GLYCOSPHINGOLIPID_BIOSYNTHESIS_GANGLIO_SERIES,KEGG_GLYCOSPHINGOLIPID_BIOSYNTHESIS_GANGLIO_SERIES,,,,,,,,,,,,,,,,,,,,,,
100,KEGG_PYRUVATE_METABOLISM,KEGG_PYRUVATE_METABOLISM,,,,,,,,,,,,,,,,,,,,,,
101,KEGG_GLYOXYLATE_AND_DICARBOXYLATE_METABOLISM,KEGG_GLYOXYLATE_AND_DICARBOXYLATE_METABOLISM,,,,,,,,,,,,,,,,,,,,,,
102,KEGG_PROPANOATE_METABOLISM,KEGG_PROPANOATE_METABOLISM,,,,,,,,,,,,,,,,,,,,,,
103,KEGG_BUTANOATE_METABOLISM,KEGG_BUTANOATE_METABOLISM,MODULE_295,,,,,,,,,,,,,,,,,,,,,
104,KEGG_ONE_CARBON_POOL_BY_FOLATE,KEGG_ONE_CARBON_POOL_BY_FOLATE,,,,,,,,,,,,,,,,,,,,,,
105,KEGG_RIBOFLAVIN_METABOLISM,KEGG_RIBOFLAVIN_METABOLISM,,,,,,,,,,,,,,,,,,,,,,
106,KEGG_NICOTINATE_AND_NICOTINAMIDE_METABOLISM,KEGG_NICOTINATE_AND_NICOTINAMIDE_METABOLISM,,,,,,,,,,,,,,,,,,,,,,
107,KEGG_PANTOTHENATE_AND_COA_BIOSYNTHESIS,KEGG_PANTOTHENATE_AND_COA_BIOSYNTHESIS,,,,,,,,,,,,,,,,,,,,,,
108,KEGG_FOLATE_BIOSYNTHESIS,KEGG_FOLATE_BIOSYNTHESIS,,,,,,,,,,,,,,,,,,,,,,
109,KEGG_RETINOL_METABOLISM,KEGG_RETINOL_METABOLISM,,,,,,,,,,,,,,,,,,,,,,
110,KEGG_PORPHYRIN_AND_CHLOROPHYLL_METABOLISM,HALLMARK_XENOBIOTIC_METABOLISM,KEGG_PORPHYRIN_AND_CHLOROPHYLL_METABOLISM,,,,,,,,,,,,,,,,,,,,,
111,KEGG_TERPENOID_BACKBONE_BIOSYNTHESIS,KEGG_TERPENOID_BACKBONE_BIOSYNTHESIS,,,,,,,,,,,,,,,,,,,,,,
112,KEGG_LIMONENE_AND_PINENE_DEGRADATION,KEGG_LIMONENE_AND_PINENE_DEGRADATION,,,,,,,,,,,,,,,,,,,,,,
113,KEGG_NITROGEN_METABOLISM,KEGG_NITROGEN_METABOLISM,MODULE_135,,,,,,,,,,,,,,,,,,,,,
114,KEGG_SULFUR_METABOLISM,KEGG_SULFUR_METABOLISM,,,,,,,,,,,,,,,,,,,,,,
115,KEGG_AMINOACYL_TRNA_BIOSYNTHESIS,KEGG_AMINOACYL_TRNA_BIOSYNTHESIS,,,,,,,,,,,,,,,,,,,,,,
116,KEGG_METABOLISM_OF_XENOBIOTICS_BY_CYTOCHROME_P450,KEGG_METABOLISM_OF_XENOBIOTICS_BY_CYTOCHROME_P450,,,,,,,,,,,,,,,,,,,,,,
117,KEGG_DRUG_METABOLISM_CYTOCHROME_P450,KEGG_STEROID_HORMONE_BIOSYNTHESIS,KEGG_DRUG_METABOLISM_CYTOCHROME_P450,,,,,,,,,,,,,,,,,,,,,
118,KEGG_DRUG_METABOLISM_OTHER_ENZYMES,KEGG_DRUG_METABOLISM_OTHER_ENZYMES,,,,,,,,,,,,,,,,,,,,,,
119,KEGG_BIOSYNTHESIS_OF_UNSATURATED_FATTY_ACIDS,KEGG_BIOSYNTHESIS_OF_UNSATURATED_FATTY_ACIDS,,,,,,,,,,,,,,,,,,,,,,
120,KEGG_ABC_TRANSPORTERS,KEGG_ABC_TRANSPORTERS,,,,,,,,,,,,,,,,,,,,,,
121,KEGG_RIBOSOME,KEGG_RIBOSOME,MORF_TPT1,GCM_TPT1,GNF2_EIF3S6,GNF2_GLTSCR2,GNF2_ST13,GNF2_TPT1,MODULE_29,,,,,,,,,,,,,,,
122,KEGG_RNA_DEGRADATION,KEGG_RNA_DEGRADATION,GNF2_HDAC1,,,,,,,,,,,,,,,,,,,,,
123,KEGG_RNA_POLYMERASE,KEGG_RNA_POLYMERASE,,,,,,,,,,,,,,,,,,,,,,
124,KEGG_BASAL_TRANSCRIPTION_FACTORS,KEGG_BASAL_TRANSCRIPTION_FACTORS,GCM_DENR,,,,,,,,,,,,,,,,,,,,,
125,KEGG_DNA_REPLICATION,KEGG_DNA_REPLICATION,,,,,,,,,,,,,,,,,,,,,,
126,KEGG_SPLICEOSOME,KEGG_SPLICEOSOME,GNF2_ELAC2,,,,,,,,,,,,,,,,,,,,,
127,KEGG_PROTEASOME,KEGG_PROTEASOME,MORF_PSMC1,MODULE_91,,,,,,,,,,,,,,,,,,,,
128,KEGG_PROTEIN_EXPORT,KEGG_PROTEIN_EXPORT,,,,,,,,,,,,,,,,,,,,,,
129,KEGG_PPAR_SIGNALING_PATHWAY,KEGG_PPAR_SIGNALING_PATHWAY,,,,,,,,,,,,,,,,,,,,,,
130,KEGG_BASE_EXCISION_REPAIR,KEGG_BASE_EXCISION_REPAIR,,,,,,,,,,,,,,,,,,,,,,
131,KEGG_NUCLEOTIDE_EXCISION_REPAIR,KEGG_NUCLEOTIDE_EXCISION_REPAIR,,,,,,,,,,,,,,,,,,,,,,
132,KEGG_MISMATCH_REPAIR,KEGG_MISMATCH_REPAIR,,,,,,,,,,,,,,,,,,,,,,
133,KEGG_HOMOLOGOUS_RECOMBINATION,KEGG_HOMOLOGOUS_RECOMBINATION,,,,,,,,,,,,,,,,,,,,,,
134,KEGG_NON_HOMOLOGOUS_END_JOINING,KEGG_NON_HOMOLOGOUS_END_JOINING,,,,,,,,,,,,,,,,,,,,,,
135,KEGG_MAPK_SIGNALING_PATHWAY,KEGG_MAPK_SIGNALING_PATHWAY,,,,,,,,,,,,,,,,,,,,,,
136,KEGG_ERBB_SIGNALING_PATHWAY,KEGG_ERBB_SIGNALING_PATHWAY,,,,,,,,,,,,,,,,,,,,,,
137,KEGG_CALCIUM_SIGNALING_PATHWAY,KEGG_CALCIUM_SIGNALING_PATHWAY,KRAS.300_UP.V1_UP,KRAS.50_UP.V1_UP,,,,,,,,,,,,,,,,,,,,
138,KEGG_CYTOKINE_CYTOKINE_RECEPTOR_INTERACTION,HALLMARK_COMPLEMENT,KEGG_CYTOKINE_CYTOKINE_RECEPTOR_INTERACTION,,,,,,,,,,,,,,,,,,,,,
139,KEGG_CHEMOKINE_SIGNALING_PATHWAY,HALLMARK_KRAS_SIGNALING_UP,KEGG_CHEMOKINE_SIGNALING_PATHWAY,KEGG_NATURAL_KILLER_CELL_MEDIATED_CYTOTOXICITY,KEGG_T_CELL_RECEPTOR_SIGNALING_PATHWAY,KEGG_FC_GAMMA_R_MEDIATED_PHAGOCYTOSIS,E2F1_UP.V1_DN,,,,,,,,,,,,,,,,,
140,KEGG_PHOSPHATIDYLINOSITOL_SIGNALING_SYSTEM,KEGG_PHOSPHATIDYLINOSITOL_SIGNALING_SYSTEM,KEGG_LONG_TERM_DEPRESSION,,,,,,,,,,,,,,,,,,,,,
141,KEGG_NEUROACTIVE_LIGAND_RECEPTOR_INTERACTION,KEGG_NEUROACTIVE_LIGAND_RECEPTOR_INTERACTION,,,,,,,,,,,,,,,,,,,,,,
142,KEGG_CELL_CYCLE,KEGG_CELL_CYCLE,,,,,,,,,,,,,,,,,,,,,,
143,KEGG_OOCYTE_MEIOSIS,KEGG_OOCYTE_MEIOSIS,,,,,,,,,,,,,,,,,,,,,,
144,KEGG_P53_SIGNALING_PATHWAY,KEGG_P53_SIGNALING_PATHWAY,,,,,,,,,,,,,,,,,,,,,,
145,KEGG_UBIQUITIN_MEDIATED_PROTEOLYSIS,KEGG_UBIQUITIN_MEDIATED_PROTEOLYSIS,,,,,,,,,,,,,,,,,,,,,,
146,KEGG_SNARE_INTERACTIONS_IN_VESICULAR_TRANSPORT,KEGG_SNARE_INTERACTIONS_IN_VESICULAR_TRANSPORT,,,,,,,,,,,,,,,,,,,,,,
147,KEGG_REGULATION_OF_AUTOPHAGY,KEGG_REGULATION_OF_AUTOPHAGY,GNF2_SERPINI2,,,,,,,,,,,,,,,,,,,,,
148,KEGG_LYSOSOME,KEGG_LYSOSOME,,,,,,,,,,,,,,,,,,,,,,
149,KEGG_ENDOCYTOSIS,KEGG_ENDOCYTOSIS,,,,,,,,,,,,,,,,,,,,,,
150,KEGG_PEROXISOME,KEGG_PEROXISOME,,,,,,,,,,,,,,,,,,,,,,
151,KEGG_MTOR_SIGNALING_PATHWAY,KEGG_MTOR_SIGNALING_PATHWAY,KEGG_WNT_SIGNALING_PATHWAY,KEGG_RENAL_CELL_CARCINOMA,MODULE_49,,,,,,,,,,,,,,,,,,,
152,KEGG_APOPTOSIS,KEGG_APOPTOSIS,KEGG_TOLL_LIKE_RECEPTOR_SIGNALING_PATHWAY,MODULE_119,,,,,,,,,,,,,,,,,,,,
153,KEGG_CARDIAC_MUSCLE_CONTRACTION,KEGG_CARDIAC_MUSCLE_CONTRACTION,,,,,,,,,,,,,,,,,,,,,,
154,KEGG_VASCULAR_SMOOTH_MUSCLE_CONTRACTION,KEGG_VASCULAR_SMOOTH_MUSCLE_CONTRACTION,KEGG_MELANOGENESIS,,,,,,,,,,,,,,,,,,,,,
155,KEGG_WNT_SIGNALING_PATHWAY,KEGG_MTOR_SIGNALING_PATHWAY,KEGG_WNT_SIGNALING_PATHWAY,E2F3_UP.V1_UP,,,,,,,,,,,,,,,,,,,,
156,KEGG_DORSO_VENTRAL_AXIS_FORMATION,KEGG_DORSO_VENTRAL_AXIS_FORMATION,RAF_UP.V1_DN,,,,,,,,,,,,,,,,,,,,,
157,KEGG_NOTCH_SIGNALING_PATHWAY,KEGG_NOTCH_SIGNALING_PATHWAY,,,,,,,,,,,,,,,,,,,,,,
158,KEGG_HEDGEHOG_SIGNALING_PATHWAY,KEGG_HEDGEHOG_SIGNALING_PATHWAY,,,,,,,,,,,,,,,,,,,,,,
159,KEGG_TGF_BETA_SIGNALING_PATHWAY,KEGG_TGF_BETA_SIGNALING_PATHWAY,,,,,,,,,,,,,,,,,,,,,,
160,KEGG_AXON_GUIDANCE,KEGG_GLYCOSAMINOGLYCAN_BIOSYNTHESIS_HEPARAN_SULFATE,KEGG_AXON_GUIDANCE,,,,,,,,,,,,,,,,,,,,,
161,KEGG_VEGF_SIGNALING_PATHWAY,KEGG_VEGF_SIGNALING_PATHWAY,MODULE_480,,,,,,,,,,,,,,,,,,,,,
162,KEGG_FOCAL_ADHESION,KEGG_FOCAL_ADHESION,,,,,,,,,,,,,,,,,,,,,,
163,KEGG_ECM_RECEPTOR_INTERACTION,KEGG_ECM_RECEPTOR_INTERACTION,,,,,,,,,,,,,,,,,,,,,,
164,KEGG_CELL_ADHESION_MOLECULES_CAMS,KEGG_CELL_ADHESION_MOLECULES_CAMS,MODULE_208,,,,,,,,,,,,,,,,,,,,,
165,KEGG_ADHERENS_JUNCTION,KEGG_ADHERENS_JUNCTION,,,,,,,,,,,,,,,,,,,,,,
166,KEGG_TIGHT_JUNCTION,KEGG_TIGHT_JUNCTION,,,,,,,,,,,,,,,,,,,,,,
167,KEGG_GAP_JUNCTION,KEGG_GAP_JUNCTION,,,,,,,,,,,,,,,,,,,,,,
168,KEGG_COMPLEMENT_AND_COAGULATION_CASCADES,KEGG_COMPLEMENT_AND_COAGULATION_CASCADES,RPS14_DN.V1_UP,,,,,,,,,,,,,,,,,,,,,
169,KEGG_ANTIGEN_PROCESSING_AND_PRESENTATION,KEGG_ANTIGEN_PROCESSING_AND_PRESENTATION,,,,,,,,,,,,,,,,,,,,,,
170,KEGG_RENIN_ANGIOTENSIN_SYSTEM,KEGG_RENIN_ANGIOTENSIN_SYSTEM,KEGG_BASAL_CELL_CARCINOMA,,,,,,,,,,,,,,,,,,,,,
171,KEGG_TOLL_LIKE_RECEPTOR_SIGNALING_PATHWAY,KEGG_APOPTOSIS,KEGG_TOLL_LIKE_RECEPTOR_SIGNALING_PATHWAY,,,,,,,,,,,,,,,,,,,,,
172,KEGG_NOD_LIKE_RECEPTOR_SIGNALING_PATHWAY,KEGG_NOD_LIKE_RECEPTOR_SIGNALING_PATHWAY,,,,,,,,,,,,,,,,,,,,,,
173,KEGG_RIG_I_LIKE_RECEPTOR_SIGNALING_PATHWAY,KEGG_RIG_I_LIKE_RECEPTOR_SIGNALING_PATHWAY,,,,,,,,,,,,,,,,,,,,,,
174,KEGG_CYTOSOLIC_DNA_SENSING_PATHWAY,KEGG_CYTOSOLIC_DNA_SENSING_PATHWAY,,,,,,,,,,,,,,,,,,,,,,
175,KEGG_JAK_STAT_SIGNALING_PATHWAY,KEGG_JAK_STAT_SIGNALING_PATHWAY,,,,,,,,,,,,,,,,,,,,,,
176,KEGG_HEMATOPOIETIC_CELL_LINEAGE,HALLMARK_INFLAMMATORY_RESPONSE,KEGG_HEMATOPOIETIC_CELL_LINEAGE,MODULE_58,,,,,,,,,,,,,,,,,,,,
177,KEGG_NATURAL_KILLER_CELL_MEDIATED_CYTOTOXICITY,HALLMARK_KRAS_SIGNALING_UP,KEGG_CHEMOKINE_SIGNALING_PATHWAY,KEGG_NATURAL_KILLER_CELL_MEDIATED_CYTOTOXICITY,,,,,,,,,,,,,,,,,,,,
178,KEGG_T_CELL_RECEPTOR_SIGNALING_PATHWAY,KEGG_CHEMOKINE_SIGNALING_PATHWAY,KEGG_T_CELL_RECEPTOR_SIGNALING_PATHWAY,,,,,,,,,,,,,,,,,,,,,
179,KEGG_B_CELL_RECEPTOR_SIGNALING_PATHWAY,KEGG_B_CELL_RECEPTOR_SIGNALING_PATHWAY,,,,,,,,,,,,,,,,,,,,,,
180,KEGG_FC_EPSILON_RI_SIGNALING_PATHWAY,KEGG_FC_EPSILON_RI_SIGNALING_PATHWAY,,,,,,,,,,,,,,,,,,,,,,
181,KEGG_FC_GAMMA_R_MEDIATED_PHAGOCYTOSIS,KEGG_CHEMOKINE_SIGNALING_PATHWAY,KEGG_FC_GAMMA_R_MEDIATED_PHAGOCYTOSIS,E2F1_UP.V1_DN,,,,,,,,,,,,,,,,,,,,
182,KEGG_LEUKOCYTE_TRANSENDOTHELIAL_MIGRATION,KEGG_LEUKOCYTE_TRANSENDOTHELIAL_MIGRATION,,,,,,,,,,,,,,,,,,,,,,
183,KEGG_INTESTINAL_IMMUNE_NETWORK_FOR_IGA_PRODUCTION,KEGG_INTESTINAL_IMMUNE_NETWORK_FOR_IGA_PRODUCTION,KEGG_ASTHMA,,,,,,,,,,,,,,,,,,,,,
184,KEGG_CIRCADIAN_RHYTHM_MAMMAL,KEGG_CIRCADIAN_RHYTHM_MAMMAL,,,,,,,,,,,,,,,,,,,,,,
185,KEGG_LONG_TERM_POTENTIATION,KEGG_LONG_TERM_POTENTIATION,KRAS.KIDNEY_UP.V1_UP,,,,,,,,,,,,,,,,,,,,,
186,KEGG_NEUROTROPHIN_SIGNALING_PATHWAY,KEGG_NEUROTROPHIN_SIGNALING_PATHWAY,,,,,,,,,,,,,,,,,,,,,,
187,KEGG_LONG_TERM_DEPRESSION,KEGG_PHOSPHATIDYLINOSITOL_SIGNALING_SYSTEM,KEGG_LONG_TERM_DEPRESSION,,,,,,,,,,,,,,,,,,,,,
188,KEGG_OLFACTORY_TRANSDUCTION,KEGG_OLFACTORY_TRANSDUCTION,,,,,,,,,,,,,,,,,,,,,,
189,KEGG_TASTE_TRANSDUCTION,KEGG_TASTE_TRANSDUCTION,,,,,,,,,,,,,,,,,,,,,,
190,KEGG_REGULATION_OF_ACTIN_CYTOSKELETON,KEGG_REGULATION_OF_ACTIN_CYTOSKELETON,,,,,,,,,,,,,,,,,,,,,,
191,KEGG_INSULIN_SIGNALING_PATHWAY,KEGG_INSULIN_SIGNALING_PATHWAY,,,,,,,,,,,,,,,,,,,,,,
192,KEGG_GNRH_SIGNALING_PATHWAY,HALLMARK_KRAS_SIGNALING_DN,KEGG_GNRH_SIGNALING_PATHWAY,MORF_ETV3,KRAS.BREAST_UP.V1_DN,,,,,,,,,,,,,,,,,,,
193,KEGG_PROGESTERONE_MEDIATED_OOCYTE_MATURATION,KEGG_PROGESTERONE_MEDIATED_OOCYTE_MATURATION,,,,,,,,,,,,,,,,,,,,,,
194,KEGG_MELANOGENESIS,KEGG_VASCULAR_SMOOTH_MUSCLE_CONTRACTION,KEGG_MELANOGENESIS,,,,,,,,,,,,,,,,,,,,,
195,KEGG_ADIPOCYTOKINE_SIGNALING_PATHWAY,HALLMARK_HEME_METABOLISM,KEGG_ADIPOCYTOKINE_SIGNALING_PATHWAY,,,,,,,,,,,,,,,,,,,,,
196,KEGG_TYPE_II_DIABETES_MELLITUS,KEGG_TYPE_II_DIABETES_MELLITUS,,,,,,,,,,,,,,,,,,,,,,
197,KEGG_TYPE_I_DIABETES_MELLITUS,KEGG_TYPE_I_DIABETES_MELLITUS,KEGG_AUTOIMMUNE_THYROID_DISEASE,GNF2_CD7,,,,,,,,,,,,,,,,,,,,
198,KEGG_MATURITY_ONSET_DIABETES_OF_THE_YOUNG,KEGG_MATURITY_ONSET_DIABETES_OF_THE_YOUNG,,,,,,,,,,,,,,,,,,,,,,
199,KEGG_ALDOSTERONE_REGULATED_SODIUM_REABSORPTION,KEGG_ALDOSTERONE_REGULATED_SODIUM_REABSORPTION,,,,,,,,,,,,,,,,,,,,,,
200,KEGG_VASOPRESSIN_REGULATED_WATER_REABSORPTION,KEGG_VASOPRESSIN_REGULATED_WATER_REABSORPTION,,,,,,,,,,,,,,,,,,,,,,
201,KEGG_PROXIMAL_TUBULE_BICARBONATE_RECLAMATION,KEGG_PROXIMAL_TUBULE_BICARBONATE_RECLAMATION,,,,,,,,,,,,,,,,,,,,,,
202,KEGG_ALZHEIMERS_DISEASE,KEGG_ALZHEIMERS_DISEASE,,,,,,,,,,,,,,,,,,,,,,
203,KEGG_PARKINSONS_DISEASE,KEGG_OXIDATIVE_PHOSPHORYLATION,KEGG_PARKINSONS_DISEASE,MODULE_62,MODULE_152,,,,,,,,,,,,,,,,,,,
204,KEGG_AMYOTROPHIC_LATERAL_SCLEROSIS_ALS,KEGG_AMYOTROPHIC_LATERAL_SCLEROSIS_ALS,,,,,,,,,,,,,,,,,,,,,,
205,KEGG_HUNTINGTONS_DISEASE,KEGG_HUNTINGTONS_DISEASE,,,,,,,,,,,,,,,,,,,,,,
206,KEGG_PRION_DISEASES,KEGG_PRION_DISEASES,,,,,,,,,,,,,,,,,,,,,,
207,KEGG_VIBRIO_CHOLERAE_INFECTION,KEGG_VIBRIO_CHOLERAE_INFECTION,,,,,,,,,,,,,,,,,,,,,,
208,KEGG_EPITHELIAL_CELL_SIGNALING_IN_HELICOBACTER_PYLORI_INFECTION,KEGG_EPITHELIAL_CELL_SIGNALING_IN_HELICOBACTER_PYLORI_INFECTION,,,,,,,,,,,,,,,,,,,,,,
209,KEGG_PATHOGENIC_ESCHERICHIA_COLI_INFECTION,KEGG_PATHOGENIC_ESCHERICHIA_COLI_INFECTION,MORF_ETV3,,,,,,,,,,,,,,,,,,,,,
210,KEGG_LEISHMANIA_INFECTION,KEGG_LEISHMANIA_INFECTION,,,,,,,,,,,,,,,,,,,,,,
211,KEGG_PATHWAYS_IN_CANCER,KEGG_PATHWAYS_IN_CANCER,,,,,,,,,,,,,,,,,,,,,,
212,KEGG_COLORECTAL_CANCER,KEGG_COLORECTAL_CANCER,,,,,,,,,,,,,,,,,,,,,,
213,KEGG_RENAL_CELL_CARCINOMA,KEGG_MTOR_SIGNALING_PATHWAY,KEGG_RENAL_CELL_CARCINOMA,,,,,,,,,,,,,,,,,,,,,
214,KEGG_PANCREATIC_CANCER,KEGG_PANCREATIC_CANCER,HOXA9_DN.V1_DN,,,,,,,,,,,,,,,,,,,,,
215,KEGG_ENDOMETRIAL_CANCER,KEGG_ENDOMETRIAL_CANCER,,,,,,,,,,,,,,,,,,,,,,
216,KEGG_GLIOMA,KEGG_GLIOMA,,,,,,,,,,,,,,,,,,,,,,
217,KEGG_PROSTATE_CANCER,KEGG_PROSTATE_CANCER,KEGG_NON_SMALL_CELL_LUNG_CANCER,,,,,,,,,,,,,,,,,,,,,
218,KEGG_THYROID_CANCER,KEGG_THYROID_CANCER,,,,,,,,,,,,,,,,,,,,,,
219,KEGG_BASAL_CELL_CARCINOMA,KEGG_RENIN_ANGIOTENSIN_SYSTEM,KEGG_BASAL_CELL_CARCINOMA,MORF_JAK3,MODULE_240,MODULE_313,,,,,,,,,,,,,,,,,,
220,KEGG_MELANOMA,KEGG_MELANOMA,,,,,,,,,,,,,,,,,,,,,,
221,KEGG_BLADDER_CANCER,KEGG_BLADDER_CANCER,,,,,,,,,,,,,,,,,,,,,,
222,KEGG_CHRONIC_MYELOID_LEUKEMIA,KEGG_CHRONIC_MYELOID_LEUKEMIA,,,,,,,,,,,,,,,,,,,,,,
223,KEGG_ACUTE_MYELOID_LEUKEMIA,KEGG_ACUTE_MYELOID_LEUKEMIA,,,,,,,,,,,,,,,,,,,,,,
224,KEGG_SMALL_CELL_LUNG_CANCER,KEGG_SMALL_CELL_LUNG_CANCER,,,,,,,,,,,,,,,,,,,,,,
225,KEGG_NON_SMALL_CELL_LUNG_CANCER,KEGG_PROSTATE_CANCER,KEGG_NON_SMALL_CELL_LUNG_CANCER,,,,,,,,,,,,,,,,,,,,,
226,KEGG_ASTHMA,KEGG_INTESTINAL_IMMUNE_NETWORK_FOR_IGA_PRODUCTION,KEGG_ASTHMA,GNF2_PTPN6,,,,,,,,,,,,,,,,,,,,
227,KEGG_AUTOIMMUNE_THYROID_DISEASE,KEGG_TYPE_I_DIABETES_MELLITUS,KEGG_AUTOIMMUNE_THYROID_DISEASE,HINATA_NFKB_IMMU_INF,,,,,,,,,,,,,,,,,,,,
228,KEGG_SYSTEMIC_LUPUS_ERYTHEMATOSUS,KEGG_SYSTEMIC_LUPUS_ERYTHEMATOSUS,,,,,,,,,,,,,,,,,,,,,,
229,KEGG_ALLOGRAFT_REJECTION,KEGG_ALLOGRAFT_REJECTION,GNF2_CD14,MODULE_143,,,,,,,,,,,,,,,,,,,,
230,KEGG_GRAFT_VERSUS_HOST_DISEASE,KEGG_GRAFT_VERSUS_HOST_DISEASE,,,,,,,,,,,,,,,,,,,,,,
231,KEGG_PRIMARY_IMMUNODEFICIENCY,KEGG_PRIMARY_IMMUNODEFICIENCY,GNF2_ITGAL,,,,,,,,,,,,,,,,,,,,,
232,KEGG_HYPERTROPHIC_CARDIOMYOPATHY_HCM,KEGG_HYPERTROPHIC_CARDIOMYOPATHY_HCM,MODULE_481,MODULE_544,,,,,,,,,,,,,,,,,,,,
233,KEGG_ARRHYTHMOGENIC_RIGHT_VENTRICULAR_CARDIOMYOPATHY_ARVC,KEGG_ARRHYTHMOGENIC_RIGHT_VENTRICULAR_CARDIOMYOPATHY_ARVC,,,,,,,,,,,,,,,,,,,,,,
234,KEGG_DILATED_CARDIOMYOPATHY,KEGG_DILATED_CARDIOMYOPATHY,,,,,,,,,,,,,,,,,,,,,,
235,KEGG_VIRAL_MYOCARDITIS,HALLMARK_TNFA_SIGNALING_VIA_NFKB,KEGG_VIRAL_MYOCARDITIS,MODULE_208,,,,,,,,,,,,,,,,,,,,
236,MORF_ATRX,MORF_ATRX,,,,,,,,,,,,,,,,,,,,,,
237,MORF_ATOX1,MORF_ATOX1,,,,,,,,,,,,,,,,,,,,,,
238,MORF_BCL2,MORF_BCL2,MORF_NF1,MORF_STK17A,MODULE_48,JAK2_DN.V1_UP,,,,,,,,,,,,,,,,,,
239,MORF_BNIP1,MORF_BNIP1,MORF_ESR1,,,,,,,,,,,,,,,,,,,,,
240,MORF_BAG5,MORF_BAG5,MORF_PSMC2,MORF_RAD23B,,,,,,,,,,,,,,,,,,,,
241,MORF_BCL2L11,MORF_BCL2L11,MORF_MDM2,MORF_RAD51L3,MORF_CAMK4,MORF_CDH4,MORF_CTSB,MORF_ERCC4,MORF_FSHR,MORF_IFNA1,MORF_IL4,MORF_MAGEA8,MORF_MAGEA9,MORF_MAP2K7,MORF_MLLT10,MORF_SUPT3H,MORF_TNFRSF6,,,,,,,
242,MORF_BECN1,MORF_BECN1,,,,,,,,,,,,,,,,,,,,,,
243,MORF_BRCA1,MORF_BRCA1,MORF_RUNX1,MORF_TNFRSF6,MODULE_205,,,,,,,,,,,,,,,,,,,
244,MORF_BUB1,MORF_BUB1,,,,,,,,,,,,,,,,,,,,,,
245,MORF_BUB3,MORF_BUB3,MORF_RAD23A,,,,,,,,,,,,,,,,,,,,,
246,MORF_CTBP1,MORF_CTBP1,MORF_HDAC1,MORF_CSNK2B,,,,,,,,,,,,,,,,,,,,
247,MORF_CCNF,MORF_CCNF,,,,,,,,,,,,,,,,,,,,,,
248,MORF_CCNI,MORF_CCNI,MORF_EIF4A2,,,,,,,,,,,,,,,,,,,,,
249,MORF_DNMT1,MORF_DNMT1,MORF_RFC4,,,,,,,,,,,,,,,,,,,,,
250,MORF_ERCC2,MORF_ERCC2,MORF_RAB6A,PRC2_EED_UP.V1_DN,,,,,,,,,,,,,,,,,,,,
251,MORF_ESPL1,MORF_ESPL1,,,,,,,,,,,,,,,,,,,,,,
252,MORF_FDXR,MORF_FDXR,MORF_MT4,MORF_JAK3,MORF_RBBP8,DCA_UP.V1_DN,,,,,,,,,,,,,,,,,,
253,MORF_FEN1,MORF_FEN1,GNF2_PA2G4,,,,,,,,,,,,,,,,,,,,,
254,MORF_GPX4,MORF_GPX4,,,,,,,,,,,,,,,,,,,,,,
255,MORF_HAT1,MORF_HAT1,,,,,,,,,,,,,,,,,,,,,,
256,MORF_HDAC1,MORF_CTBP1,MORF_HDAC1,MORF_CSNK2B,,,,,,,,,,,,,,,,,,,,
257,MORF_HDAC2,MORF_HDAC2,GCM_SMARCC1,,,,,,,,,,,,,,,,,,,,,
258,MORF_MDM2,MORF_BCL2L11,MORF_MDM2,MORF_RAD51L3,MORF_ARL3,MORF_ATF2,MORF_CAMK4,MORF_CD8A,MORF_CTSB,MORF_DMPK,MORF_ERCC4,MORF_FSHR,MORF_IFNA1,MORF_IL4,MORF_MAGEA8,MORF_MAGEA9,MORF_MAP2K7,MORF_MLLT10,MORF_NOS2A,MORF_PRKCA,MORF_PTPRB,MORF_SUPT3H,MORF_THPO,MORF_TNFRSF6
259,MORF_MT4,MORF_FDXR,MORF_MT4,MORF_RBBP8,ATM_DN.V1_DN,PDGF_UP.V1_UP,,,,,,,,,,,,,,,,,,
260,MORF_MSH2,MORF_MSH2,,,,,,,,,,,,,,,,,,,,,,
261,MORF_MSH3,MORF_MSH3,MORF_PSMF1,,,,,,,,,,,,,,,,,,,,,
262,MORF_NF1,MORF_BCL2,MORF_NF1,MORF_STK17A,MORF_ESR1,MORF_IL13,,,,,,,,,,,,,,,,,,
263,MORF_PRDX3,MORF_PRDX3,,,,,,,,,,,,,,,,,,,,,,
264,MORF_PCNA,MORF_PCNA,,,,,,,,,,,,,,,,,,,,,,
265,MORF_PSMC1,KEGG_PROTEASOME,MORF_PSMC1,,,,,,,,,,,,,,,,,,,,,
266,MORF_PSMC2,MORF_BAG5,MORF_PSMC2,MORF_RAB5A,,,,,,,,,,,,,,,,,,,,
267,MORF_PSMF1,MORF_MSH3,MORF_PSMF1,,,,,,,,,,,,,,,,,,,,,
268,MORF_PRKDC,MORF_PRKDC,,,,,,,,,,,,,,,,,,,,,,
269,MORF_RAD21,MORF_RAD21,,,,,,,,,,,,,,,,,,,,,,
270,MORF_RAD23A,MORF_BUB3,MORF_RAD23A,MORF_XRCC5,MORF_EIF3S2,,,,,,,,,,,,,,,,,,,
271,MORF_RAD23B,MORF_BAG5,MORF_RAD23B,MORF_RAC1,,,,,,,,,,,,,,,,,,,,
272,MORF_RAD51L3,MORF_BCL2L11,MORF_MDM2,MORF_RAD51L3,MORF_ATF2,MORF_CAMK4,MORF_CTSB,MORF_FSHR,MORF_IFNA1,MORF_IL4,MORF_MAGEA8,MORF_MAGEA9,MORF_MAP2K7,MORF_PTPRB,MORF_SUPT3H,MORF_THPO,MORF_TNFRSF6,,,,,,,
273,MORF_RAD54L,MORF_RAD54L,MODULE_63,,,,,,,,,,,,,,,,,,,,,
274,MORF_RFC1,MORF_RFC1,MORF_TPR,,,,,,,,,,,,,,,,,,,,,
275,MORF_RFC4,MORF_DNMT1,MORF_RFC4,,,,,,,,,,,,,,,,,,,,,
276,MORF_RFC5,MORF_RFC5,MORF_IL13,,,,,,,,,,,,,,,,,,,,,
277,MORF_RPA1,MORF_RPA1,,,,,,,,,,,,,,,,,,,,,,
278,MORF_RPA2,MORF_RPA2,MORF_DDB1,,,,,,,,,,,,,,,,,,,,,
279,MORF_RRM1,MORF_RRM1,,,,,,,,,,,,,,,,,,,,,,
280,MORF_STK17A,MORF_BCL2,MORF_NF1,MORF_STK17A,MORF_TFDP2,MORF_IL13,MORF_TNFRSF25,ATF2_UP.V1_UP,,,,,,,,,,,,,,,,
281,MORF_SMC1L1,MORF_SMC1L1,,,,,,,,,,,,,,,,,,,,,,
282,MORF_SP3,MORF_SP3,,,,,,,,,,,,,,,,,,,,,,
283,MORF_SOD1,MORF_SOD1,,,,,,,,,,,,,,,,,,,,,,
284,MORF_TERF1,MORF_TERF1,,,,,,,,,,,,,,,,,,,,,,
285,MORF_TERF2IP,MORF_TERF2IP,MORF_RAF1,,,,,,,,,,,,,,,,,,,,,
286,MORF_TFDP2,MORF_STK17A,MORF_TFDP2,MORF_FOSL1,MORF_IL13,TGFB_UP.V1_DN,,,,,,,,,,,,,,,,,,
287,MORF_UNG,MORF_UNG,,,,,,,,,,,,,,,,,,,,,,
288,MORF_MYC,MORF_MYC,MORF_FLT1,DCA_UP.V1_UP,,,,,,,,,,,,,,,,,,,,
289,MORF_XPC,MORF_XPC,MORF_RAB1A,MORF_RAC1,,,,,,,,,,,,,,,,,,,,
290,MORF_XRCC5,MORF_RAD23A,MORF_XRCC5,,,,,,,,,,,,,,,,,,,,,
291,MORF_AATF,MORF_AATF,,,,,,,,,,,,,,,,,,,,,,
292,MORF_ACP1,MORF_ACP1,,,,,,,,,,,,,,,,,,,,,,
293,MORF_ACTG1,MORF_ACTG1,MORF_NPM1,MODULE_150,,,,,,,,,,,,,,,,,,,,
294,MORF_ANP32B,MORF_ANP32B,MORF_UBE2I,GCM_PSME1,MODULE_32,,,,,,,,,,,,,,,,,,,
295,MORF_AP2M1,MORF_AP2M1,MORF_PPP1CA,,,,,,,,,,,,,,,,,,,,,
296,MORF_AP3D1,MORF_AP3D1,,,,,,,,,,,,,,,,,,,,,,
297,MORF_ARAF1,MORF_ARAF1,,,,,,,,,,,,,,,,,,,,,,
298,MORF_ARL3,MORF_MDM2,MORF_ARL3,MORF_ERCC4,MORF_FOSL1,MORF_IL4,MORF_IL9,MORF_MAP2K7,MORF_MLLT10,MORF_MYL3,MORF_NOS2A,MORF_PAX7,MORF_PPP2R5B,MORF_PTPRR,,,,,,,,,,
299,MORF_ATF2,MORF_MDM2,MORF_RAD51L3,MORF_ATF2,MORF_CAMK4,MORF_CTSB,MORF_FSHR,MORF_IL4,MORF_MAGEA8,MORF_MAGEA9,MORF_MAP2K7,MORF_MLLT10,MORF_PRKCA,MORF_PTPRB,MORF_SUPT3H,MORF_THPO,MORF_TNFRSF6,,,,,,,
300,MORF_BMI1,MORF_BMI1,,,,,,,,,,,,,,,,,,,,,,
301,MORF_BMPR2,MORF_BMPR2,MORF_ZNF10,,,,,,,,,,,,,,,,,,,,,
302,MORF_BUB1B,MORF_BUB1B,,,,,,,,,,,,,,,,,,,,,,
303,MORF_CAMK4,MORF_BCL2L11,MORF_MDM2,MORF_RAD51L3,MORF_ATF2,MORF_CAMK4,MORF_CTSB,MORF_FSHR,MORF_IFNA1,MORF_IL4,MORF_MAGEA8,MORF_MAGEA9,MORF_MAP2K7,MORF_MLLT10,MORF_SUPT3H,MORF_THPO,MORF_TNFRSF6,,,,,,,
304,MORF_CASP10,MORF_CASP10,JNK_DN.V1_UP,,,,,,,,,,,,,,,,,,,,,
305,MORF_CASP2,MORF_CASP2,MORF_CNTN1,MORF_IKBKG,MORF_LTK,MORF_PTPN9,MORF_RAGE,MORF_RBM8A,,,,,,,,,,,,,,,,
306,MORF_CD8A,MORF_MDM2,MORF_CD8A,MORF_MLLT10,,,,,,,,,,,,,,,,,,,,
307,MORF_CDC10,MORF_CDC10,,,,,,,,,,,,,,,,,,,,,,
308,MORF_CDC16,MORF_CDC16,,,,,,,,,,,,,,,,,,,,,,
309,MORF_CDC2L5,MORF_CDC2L5,,,,,,,,,,,,,,,,,,,,,,
310,MORF_CDH4,MORF_BCL2L11,MORF_CDH4,MORF_FSHR,MORF_IFNA1,MORF_IL4,MORF_MAGEA8,,,,,,,,,,,,,,,,,
311,MORF_CDK2,MORF_CDK2,MODULE_456,,,,,,,,,,,,,,,,,,,,,
312,MORF_CNTN1,MORF_CASP2,MORF_CNTN1,MORF_PTPN9,,,,,,,,,,,,,,,,,,,,
313,MORF_CSNK1D,MORF_CSNK1D,,,,,,,,,,,,,,,,,,,,,,
314,MORF_CSNK2B,MORF_CTBP1,MORF_HDAC1,MORF_CSNK2B,,,,,,,,,,,,,,,,,,,,
315,MORF_CTSB,MORF_BCL2L11,MORF_MDM2,MORF_RAD51L3,MORF_ATF2,MORF_CAMK4,MORF_CTSB,MORF_FSHR,MORF_IL16,MORF_IL4,MORF_LCAT,MORF_MAGEA8,MORF_MAGEA9,MORF_MAP2K7,MORF_MLLT10,MORF_PTPRB,MORF_SUPT3H,MORF_TNFRSF6,,,,,,
316,MORF_CUL1,MORF_CUL1,,,,,,,,,,,,,,,,,,,,,,
317,MORF_DAP,MORF_DAP,,,,,,,,,,,,,,,,,,,,,,
318,MORF_DAP3,MORF_DAP3,,,,,,,,,,,,,,,,,,,,,,
319,MORF_DCC,MORF_DCC,MORF_EPHA7,MORF_FRK,,,,,,,,,,,,,,,,,,,,
320,MORF_DDB1,MORF_RPA2,MORF_DDB1,,,,,,,,,,,,,,,,,,,,,
321,MORF_DDX11,MORF_DDX11,MORF_IKBKG,MORF_PML,,,,,,,,,,,,,,,,,,,,
322,MORF_DEAF1,MORF_DEAF1,,,,,,,,,,,,,,,,,,,,,,
323,MORF_DEK,MORF_DEK,,,,,,,,,,,,,,,,,,,,,,
324,MORF_DMPK,MORF_MDM2,MORF_DMPK,MORF_ERCC4,MORF_MLLT10,MORF_PRKCA,,,,,,,,,,,,,,,,,,
325,MORF_EI24,MORF_EI24,,,,,,,,,,,,,,,,,,,,,,
326,MORF_EIF3S2,MORF_RAD23A,MORF_EIF3S2,MODULE_102,,,,,,,,,,,,,,,,,,,,
327,MORF_EIF3S6,MORF_EIF3S6,,,,,,,,,,,,,,,,,,,,,,
328,MORF_EIF4A2,MORF_CCNI,MORF_EIF4A2,,,,,,,,,,,,,,,,,,,,,
329,MORF_EIF4E,MORF_EIF4E,MORF_RAF1,,,,,,,,,,,,,,,,,,,,,
330,MORF_EPHA7,MORF_DCC,MORF_EPHA7,MORF_FRK,,,,,,,,,,,,,,,,,,,,
331,MORF_ERCC4,MORF_BCL2L11,MORF_MDM2,MORF_ARL3,MORF_DMPK,MORF_ERCC4,MORF_IFNA1,MORF_IL4,MORF_MAGEA8,MORF_MAGEA9,MORF_MAP2K7,MORF_MLLT10,MORF_NOS2A,MORF_PTPRB,MORF_PTPRR,,,,,,,,,
332,MORF_ERH,MORF_ERH,,,,,,,,,,,,,,,,,,,,,,
333,MORF_ESR1,MORF_BNIP1,MORF_NF1,MORF_ESR1,MORF_IL13,PRC2_EED_UP.V1_UP,YAP1_DN,,,,,,,,,,,,,,,,,
334,MORF_ETV3,KEGG_GNRH_SIGNALING_PATHWAY,KEGG_PATHOGENIC_ESCHERICHIA_COLI_INFECTION,MORF_ETV3,,,,,,,,,,,,,,,,,,,,
335,MORF_FANCG,MORF_FANCG,MORF_JAG1,,,,,,,,,,,,,,,,,,,,,
336,MORF_FBL,MORF_FBL,,,,,,,,,,,,,,,,,,,,,,
337,MORF_FLT1,MORF_MYC,MORF_FLT1,PRC2_SUZ12_UP.V1_DN,DCA_UP.V1_UP,,,,,,,,,,,,,,,,,,,
338,MORF_FOSL1,MORF_TFDP2,MORF_ARL3,MORF_FOSL1,MORF_IL9,MORF_NOS2A,MODULE_301,,,,,,,,,,,,,,,,,
339,MORF_FRK,MORF_DCC,MORF_EPHA7,MORF_FRK,MORF_RAB3A,,,,,,,,,,,,,,,,,,,
340,MORF_FSHR,MORF_BCL2L11,MORF_MDM2,MORF_RAD51L3,MORF_ATF2,MORF_CAMK4,MORF_CDH4,MORF_CTSB,MORF_FSHR,MORF_IFNA1,MORF_IL4,MORF_MAGEA8,MORF_MAGEA9,MORF_MAP2K7,MORF_PRKCA,MORF_PTPRB,MORF_SUPT3H,MORF_THPO,MORF_TNFRSF6,,,,,
341,MORF_G22P1,MORF_G22P1,,,,,,,,,,,,,,,,,,,,,,
342,MORF_GMPS,MORF_GMPS,,,,,,,,,,,,,,,,,,,,,,
343,MORF_GNB1,MORF_GNB1,,,,,,,,,,,,,,,,,,,,,,
344,MORF_GSPT1,MORF_GSPT1,,,,,,,,,,,,,,,,,,,,,,
345,MORF_HEAB,MORF_HEAB,,,,,,,,,,,,,,,,,,,,,,
346,MORF_IFNA1,MORF_BCL2L11,MORF_MDM2,MORF_RAD51L3,MORF_CAMK4,MORF_CDH4,MORF_ERCC4,MORF_FSHR,MORF_IFNA1,MORF_MAGEA8,MORF_MAGEA9,MORF_PTPRB,MORF_PTPRR,MORF_THPO,MORF_TNFRSF6,,,,,,,,,
347,MORF_IKBKG,MORF_CASP2,MORF_DDX11,MORF_IKBKG,MORF_PML,,,,,,,,,,,,,,,,,,,
348,MORF_IL13,MORF_NF1,MORF_RFC5,MORF_STK17A,MORF_TFDP2,MORF_ESR1,MORF_IL13,YAP1_DN,,,,,,,,,,,,,,,,
349,MORF_IL16,MORF_CTSB,MORF_IL16,MORF_MLLT10,MORF_PTPRB,MORF_RUNX1,,,,,,,,,,,,,,,,,,
350,MORF_IL4,MORF_BCL2L11,MORF_MDM2,MORF_RAD51L3,MORF_ARL3,MORF_ATF2,MORF_CAMK4,MORF_CDH4,MORF_CTSB,MORF_ERCC4,MORF_FSHR,MORF_IL4,MORF_MAGEA8,MORF_MAGEA9,MORF_MAP2K7,MORF_MLLT10,MORF_MYL3,MORF_NOS2A,MORF_PPP2R5B,MORF_PTPRB,,,,
351,MORF_IL9,MORF_ARL3,MORF_FOSL1,MORF_IL9,MORF_NOS2A,MODULE_361,,,,,,,,,,,,,,,,,,
352,MORF_ITGA2,MORF_ITGA2,MORF_MLLT10,MORF_PTPRB,,,,,,,,,,,,,,,,,,,,
353,MORF_JAG1,MORF_FANCG,MORF_JAG1,MORF_JAK3,MORF_PRKACA,,,,,,,,,,,,,,,,,,,
354,MORF_JAK3,KEGG_BASAL_CELL_CARCINOMA,MORF_FDXR,MORF_JAG1,MORF_JAK3,,,,,,,,,,,,,,,,,,,
355,MORF_JUND,MORF_JUND,GNF2_EIF3S6,,,,,,,,,,,,,,,,,,,,,
356,MORF_KDR,MORF_KDR,,,,,,,,,,,,,,,,,,,,,,
357,MORF_LCAT,MORF_CTSB,MORF_LCAT,,,,,,,,,,,,,,,,,,,,,
358,MORF_LMO1,MORF_LMO1,,,,,,,,,,,,,,,,,,,,,,
359,MORF_LTK,MORF_CASP2,MORF_LTK,MORF_RAGE,,,,,,,,,,,,,,,,,,,,
360,MORF_MAGEA8,MORF_BCL2L11,MORF_MDM2,MORF_RAD51L3,MORF_ATF2,MORF_CAMK4,MORF_CDH4,MORF_CTSB,MORF_ERCC4,MORF_FSHR,MORF_IFNA1,MORF_IL4,MORF_MAGEA8,MORF_MAGEA9,MORF_MAP2K7,MORF_MLLT10,MORF_NOS2A,MORF_PTPRB,MORF_PTPRR,MORF_SUPT3H,MORF_THPO,MORF_TNFRSF6,,
361,MORF_MAGEA9,MORF_BCL2L11,MORF_MDM2,MORF_RAD51L3,MORF_ATF2,MORF_CAMK4,MORF_CTSB,MORF_ERCC4,MORF_FSHR,MORF_IFNA1,MORF_IL4,MORF_MAGEA8,MORF_MAGEA9,MORF_MLLT10,MORF_NOS2A,MORF_PTPRB,MORF_SUPT3H,MORF_THPO,MORF_TNFRSF6,,,,,
362,MORF_MAP2K2,MORF_MAP2K2,,,,,,,,,,,,,,,,,,,,,,
363,MORF_MAP2K7,MORF_BCL2L11,MORF_MDM2,MORF_RAD51L3,MORF_ARL3,MORF_ATF2,MORF_CAMK4,MORF_CTSB,MORF_ERCC4,MORF_FSHR,MORF_IL4,MORF_MAGEA8,MORF_MAP2K7,MORF_MLLT10,MORF_MYL3,MORF_NOS2A,MORF_PRKCA,MORF_PTPRB,MORF_TNFRSF6,,,,,
364,MORF_MAP3K14,MORF_MAP3K14,MORF_WNT1,MODULE_328,,,,,,,,,,,,,,,,,,,,
365,MORF_MBD4,MORF_MBD4,,,,,,,,,,,,,,,,,,,,,,
366,MORF_MLLT10,MORF_BCL2L11,MORF_MDM2,MORF_ARL3,MORF_ATF2,MORF_CAMK4,MORF_CD8A,MORF_CTSB,MORF_DMPK,MORF_ERCC4,MORF_IL16,MORF_IL4,MORF_ITGA2,MORF_MAGEA8,MORF_MAGEA9,MORF_MAP2K7,MORF_MLLT10,MORF_NOS2A,MORF_PRKCA,MORF_PTPRB,MORF_RUNX1,MORF_TNFRSF6,,
367,MORF_MTA1,MORF_MTA1,,,,,,,,,,,,,,,,,,,,,,
368,MORF_MYL3,MORF_ARL3,MORF_IL4,MORF_MAP2K7,MORF_MYL3,MORF_TNFRSF6,MODULE_162,MODULE_378,MODULE_532,,,,,,,,,,,,,,,
369,MORF_MYST2,MORF_MYST2,,,,,,,,,,,,,,,,,,,,,,
370,MORF_NME2,MORF_NME2,,,,,,,,,,,,,,,,,,,,,,
371,MORF_NOS2A,MORF_MDM2,MORF_ARL3,MORF_ERCC4,MORF_FOSL1,MORF_IL4,MORF_IL9,MORF_MAGEA8,MORF_MAGEA9,MORF_MAP2K7,MORF_MLLT10,MORF_NOS2A,MORF_PTPRR,,,,,,,,,,,
372,MORF_NPM1,MORF_ACTG1,MORF_NPM1,MORF_TPT1,MODULE_150,,,,,,,,,,,,,,,,,,,
373,MORF_ORC1L,MORF_ORC1L,,,,,,,,,,,,,,,,,,,,,,
374,MORF_PAPSS1,MORF_PAPSS1,,,,,,,,,,,,,,,,,,,,,,
375,MORF_PAX7,MORF_ARL3,MORF_PAX7,MORF_PPP2R5B,,,,,,,,,,,,,,,,,,,,
376,MORF_PDCD1,MORF_PDCD1,,,,,,,,,,,,,,,,,,,,,,
377,MORF_PDPK1,MORF_PDPK1,MODULE_242,,,,,,,,,,,,,,,,,,,,,
378,MORF_PHB,MORF_PHB,,,,,,,,,,,,,,,,,,,,,,
379,MORF_PML,MORF_DDX11,MORF_IKBKG,MORF_PML,MORF_RBM8A,,,,,,,,,,,,,,,,,,,
380,MORF_PPP1CA,MORF_AP2M1,MORF_PPP1CA,,,,,,,,,,,,,,,,,,,,,
381,MORF_PPP1CC,MORF_PPP1CC,,,,,,,,,,,,,,,,,,,,,,
382,MORF_PPP2CA,MORF_PPP2CA,,,,,,,,,,,,,,,,,,,,,,
383,MORF_PPP2R4,MORF_PPP2R4,,,,,,,,,,,,,,,,,,,,,,
384,MORF_PPP2R5B,MORF_ARL3,MORF_IL4,MORF_PAX7,MORF_PPP2R5B,,,,,,,,,,,,,,,,,,,
385,MORF_PPP2R5E,MORF_PPP2R5E,,,,,,,,,,,,,,,,,,,,,,
386,MORF_PPP5C,MORF_PPP5C,MODULE_493,,,,,,,,,,,,,,,,,,,,,
387,MORF_PPP6C,MORF_PPP6C,,,,,,,,,,,,,,,,,,,,,,
388,MORF_PRKACA,MORF_JAG1,MORF_PRKACA,,,,,,,,,,,,,,,,,,,,,
389,MORF_PRKAG1,MORF_PRKAG1,,,,,,,,,,,,,,,,,,,,,,
390,MORF_PRKAR1A,MORF_PRKAR1A,MORF_UBE2A,,,,,,,,,,,,,,,,,,,,,
391,MORF_PRKCA,MORF_MDM2,MORF_ATF2,MORF_DMPK,MORF_FSHR,MORF_MAP2K7,MORF_MLLT10,MORF_PRKCA,MORF_PTPRB,MORF_TNFRSF6,,,,,,,,,,,,,,
392,MORF_PTEN,MORF_PTEN,MODULE_205,,,,,,,,,,,,,,,,,,,,,
393,MORF_PTPN11,MORF_PTPN11,,,,,,,,,,,,,,,,,,,,,,
394,MORF_PTPN9,MORF_CASP2,MORF_CNTN1,MORF_PTPN9,,,,,,,,,,,,,,,,,,,,
395,MORF_PTPRB,MORF_MDM2,MORF_RAD51L3,MORF_ATF2,MORF_CTSB,MORF_ERCC4,MORF_FSHR,MORF_IFNA1,MORF_IL16,MORF_IL4,MORF_ITGA2,MORF_MAGEA8,MORF_MAGEA9,MORF_MAP2K7,MORF_MLLT10,MORF_PRKCA,MORF_PTPRB,MORF_THPO,,,,,,
396,MORF_PTPRR,MORF_ARL3,MORF_ERCC4,MORF_IFNA1,MORF_MAGEA8,MORF_NOS2A,MORF_PTPRR,MORF_THPO,MODULE_436,,,,,,,,,,,,,,,
397,MORF_RAB11A,MORF_RAB11A,,,,,,,,,,,,,,,,,,,,,,
398,MORF_RAB1A,MORF_XPC,MORF_RAB1A,,,,,,,,,,,,,,,,,,,,,
399,MORF_RAB3A,MORF_FRK,MORF_RAB3A,MORF_ZNF10,,,,,,,,,,,,,,,,,,,,
400,MORF_RAB5A,MORF_PSMC2,MORF_RAB5A,,,,,,,,,,,,,,,,,,,,,
401,MORF_RAB6A,MORF_ERCC2,MORF_RAB6A,,,,,,,,,,,,,,,,,,,,,
402,MORF_RAC1,MORF_RAD23B,MORF_XPC,MORF_RAC1,,,,,,,,,,,,,,,,,,,,
403,MORF_RAF1,MORF_TERF2IP,MORF_EIF4E,MORF_RAF1,,,,,,,,,,,,,,,,,,,,
404,MORF_RAGE,MORF_CASP2,MORF_LTK,MORF_RAGE,,,,,,,,,,,,,,,,,,,,
405,MORF_RAN,MORF_RAN,,,,,,,,,,,,,,,,,,,,,,
406,MORF_RAP1A,MORF_RAP1A,,,,,,,,,,,,,,,,,,,,,,
407,MORF_RBBP8,MORF_FDXR,MORF_MT4,MORF_RBBP8,PDGF_UP.V1_UP,,,,,,,,,,,,,,,,,,,
408,MORF_RBM8A,MORF_CASP2,MORF_PML,MORF_RBM8A,,,,,,,,,,,,,,,,,,,,
409,MORF_REV3L,MORF_REV3L,MODULE_97,,,,,,,,,,,,,,,,,,,,,
410,MORF_RUNX1,MORF_BRCA1,MORF_IL16,MORF_MLLT10,MORF_RUNX1,,,,,,,,,,,,,,,,,,,
411,MORF_SART1,MORF_SART1,,,,,,,,,,,,,,,,,,,,,,
412,MORF_SKP1A,MORF_SKP1A,,,,,,,,,,,,,,,,,,,,,,
413,MORF_SNRP70,MORF_SNRP70,,,,,,,,,,,,,,,,,,,,,,
414,MORF_SS18,MORF_SS18,,,,,,,,,,,,,,,,,,,,,,
415,MORF_SUPT3H,MORF_BCL2L11,MORF_MDM2,MORF_RAD51L3,MORF_ATF2,MORF_CAMK4,MORF_CTSB,MORF_FSHR,MORF_MAGEA8,MORF_MAGEA9,MORF_SUPT3H,MORF_THPO,MORF_TNFRSF6,,,,,,,,,,,
416,MORF_THPO,MORF_MDM2,MORF_RAD51L3,MORF_ATF2,MORF_CAMK4,MORF_FSHR,MORF_IFNA1,MORF_MAGEA8,MORF_MAGEA9,MORF_PTPRB,MORF_PTPRR,MORF_SUPT3H,MORF_THPO,MORF_TNFRSF6,,,,,,,,,,
417,MORF_THRA,MORF_THRA,KRAS.300_UP.V1_UP,,,,,,,,,,,,,,,,,,,,,
418,MORF_TNFRSF25,MORF_STK17A,MORF_TNFRSF25,CTIP_DN.V1_DN,,,,,,,,,,,,,,,,,,,,
419,MORF_TNFRSF6,MORF_BCL2L11,MORF_BRCA1,MORF_MDM2,MORF_RAD51L3,MORF_ATF2,MORF_CAMK4,MORF_CTSB,MORF_FSHR,MORF_IFNA1,MORF_MAGEA8,MORF_MAGEA9,MORF_MAP2K7,MORF_MLLT10,MORF_MYL3,MORF_PRKCA,MORF_SUPT3H,MORF_THPO,MORF_TNFRSF6,,,,,
420,MORF_TPR,MORF_RFC1,MORF_TPR,,,,,,,,,,,,,,,,,,,,,
421,MORF_TPT1,KEGG_RIBOSOME,MORF_NPM1,MORF_TPT1,GNF2_EIF3S6,,,,,,,,,,,,,,,,,,,
422,MORF_TTN,MORF_TTN,MODULE_237,,,,,,,,,,,,,,,,,,,,,
423,MORF_UBE2A,MORF_PRKAR1A,MORF_UBE2A,,,,,,,,,,,,,,,,,,,,,
424,MORF_UBE2I,MORF_ANP32B,MORF_UBE2I,GCM_PSME1,MODULE_32,,,,,,,,,,,,,,,,,,,
425,MORF_UBE2N,MORF_UBE2N,,,,,,,,,,,,,,,,,,,,,,
426,MORF_USP5,MORF_USP5,,,,,,,,,,,,,,,,,,,,,,
427,MORF_WNT1,MORF_MAP3K14,MORF_WNT1,PRC2_SUZ12_UP.V1_DN,,,,,,,,,,,,,,,,,,,,
428,MORF_ZNF10,MORF_BMPR2,MORF_RAB3A,MORF_ZNF10,,,,,,,,,,,,,,,,,,,,
429,GCM_ATM,GCM_ATM,,,,,,,,,,,,,,,,,,,,,,
430,GCM_BNIP1,GCM_BNIP1,,,,,,,,,,,,,,,,,,,,,,
431,GCM_BAG5,GCM_BAG5,,,,,,,,,,,,,,,,,,,,,,
432,GCM_BCL2L1,GCM_BCL2L1,,,,,,,,,,,,,,,,,,,,,,
433,GCM_BECN1,GCM_BECN1,,,,,,,,,,,,,,,,,,,,,,
434,GCM_ERBB2IP,GCM_ERBB2IP,,,,,,,,,,,,,,,,,,,,,,
435,GCM_GSTA4,GCM_GSTA4,GCM_CRKL,,,,,,,,,,,,,,,,,,,,,
436,GCM_HDAC1,GCM_HDAC1,,,,,,,,,,,,,,,,,,,,,,
437,GCM_PSME1,MORF_ANP32B,MORF_UBE2I,GCM_PSME1,,,,,,,,,,,,,,,,,,,,
438,GCM_RAD21,GCM_RAD21,,,,,,,,,,,,,,,,,,,,,,
439,GCM_SIRT2,GCM_SIRT2,,,,,,,,,,,,,,,,,,,,,,
440,GCM_TINF2,GCM_TINF2,,,,,,,,,,,,,,,,,,,,,,
441,GCM_ACTG1,GCM_ACTG1,GCM_APEX1,,,,,,,,,,,,,,,,,,,,,
442,GCM_AIP,GCM_AIP,,,,,,,,,,,,,,,,,,,,,,
443,GCM_ANP32B,GCM_ANP32B,,,,,,,,,,,,,,,,,,,,,,
444,GCM_APEX1,GCM_ACTG1,GCM_APEX1,,,,,,,,,,,,,,,,,,,,,
445,GCM_AQP4,GCM_AQP4,,,,,,,,,,,,,,,,,,,,,,
446,GCM_BMPR2,GCM_BMPR2,GCM_RAN,,,,,,,,,,,,,,,,,,,,,
447,GCM_CALM1,GCM_CALM1,GCM_DEAF1,GCM_MAP1B,,,,,,,,,,,,,,,,,,,,
448,GCM_CASP2,GCM_CASP2,,,,,,,,,,,,,,,,,,,,,,
449,GCM_CBFB,GCM_CBFB,,,,,,,,,,,,,,,,,,,,,,
450,GCM_CDH5,GCM_CDH5,,,,,,,,,,,,,,,,,,,,,,
451,GCM_CHUK,GCM_CHUK,GCM_MLL,MODULE_332,,,,,,,,,,,,,,,,,,,,
452,GCM_CRKL,GCM_GSTA4,GCM_CRKL,,,,,,,,,,,,,,,,,,,,,
453,GCM_CSNK1A1,GCM_CSNK1A1,,,,,,,,,,,,,,,,,,,,,,
454,GCM_CSNK1D,GCM_CSNK1D,,,,,,,,,,,,,,,,,,,,,,
455,GCM_CSNK2B,GCM_CSNK2B,GCM_NPM1,,,,,,,,,,,,,,,,,,,,,
456,GCM_DDX11,GCM_DDX11,,,,,,,,,,,,,,,,,,,,,,
457,GCM_DDX5,GCM_DDX5,,,,,,,,,,,,,,,,,,,,,,
458,GCM_DEAF1,GCM_CALM1,GCM_DEAF1,,,,,,,,,,,,,,,,,,,,,
459,GCM_DENR,KEGG_BASAL_TRANSCRIPTION_FACTORS,GCM_DENR,,,,,,,,,,,,,,,,,,,,,
460,GCM_DFFA,GCM_DFFA,GCM_MYST2,GCM_RBM8A,,,,,,,,,,,,,,,,,,,,
461,GCM_DLG1,GCM_DLG1,,,,,,,,,,,,,,,,,,,,,,
462,GCM_DPF2,GCM_DPF2,,,,,,,,,,,,,,,,,,,,,,
463,GCM_ERCC4,GCM_ERCC4,,,,,,,,,,,,,,,,,,,,,,
464,GCM_FANCC,GCM_FANCC,GCM_SUPT4H1,PRC2_EZH2_UP.V1_DN,,,,,,,,,,,,,,,,,,,,
465,GCM_FANCL,GCM_FANCL,,,,,,,,,,,,,,,,,,,,,,
466,GCM_FCGR2B,GCM_FCGR2B,,,,,,,,,,,,,,,,,,,,,,
467,GCM_GSPT1,GCM_GSPT1,MODULE_218,,,,,,,,,,,,,,,,,,,,,
468,GCM_HBP1,GCM_HBP1,SRC_UP.V1_DN,,,,,,,,,,,,,,,,,,,,,
469,GCM_HMGA2,GCM_HMGA2,MODULE_157,,,,,,,,,,,,,,,,,,,,,
470,GCM_IL6ST,GCM_IL6ST,,,,,,,,,,,,,,,,,,,,,,
471,GCM_ING1,GCM_ING1,,,,,,,,,,,,,,,,,,,,,,
472,GCM_LTK,GCM_LTK,AKT_UP.V1_UP,,,,,,,,,,,,,,,,,,,,,
473,GCM_MAP1B,GCM_CALM1,GCM_MAP1B,,,,,,,,,,,,,,,,,,,,,
474,GCM_MAP4K4,GCM_MAP4K4,GCM_PTPRD,,,,,,,,,,,,,,,,,,,,,
475,GCM_MAPK10,GCM_MAPK10,MODULE_563,,,,,,,,,,,,,,,,,,,,,
476,GCM_MAX,GCM_MAX,,,,,,,,,,,,,,,,,,,,,,
477,GCM_MLL,GCM_CHUK,GCM_MLL,GCM_NUMA1,,,,,,,,,,,,,,,,,,,,
478,GCM_MSN,GCM_MSN,,,,,,,,,,,,,,,,,,,,,,
479,GCM_MYCL1,GCM_MYCL1,GNF2_HPX,,,,,,,,,,,,,,,,,,,,,
480,GCM_MYST2,GCM_DFFA,GCM_MYST2,GCM_RBM8A,GCM_ZNF198,,,,,,,,,,,,,,,,,,,
481,GCM_NCAM1,GCM_NCAM1,,,,,,,,,,,,,,,,,,,,,,
482,GCM_NF2,GCM_NF2,,,,,,,,,,,,,,,,,,,,,,
483,GCM_NPM1,GCM_CSNK2B,GCM_NPM1,GNF2_UBE2I,,,,,,,,,,,,,,,,,,,,
484,GCM_NUMA1,GCM_MLL,GCM_NUMA1,,,,,,,,,,,,,,,,,,,,,
485,GCM_PFN1,GCM_PFN1,,,,,,,,,,,,,,,,,,,,,,
486,GCM_PPM1D,GCM_PPM1D,,,,,,,,,,,,,,,,,,,,,,
487,GCM_PPP1CC,GCM_PPP1CC,,,,,,,,,,,,,,,,,,,,,,
488,GCM_PRKAG1,GCM_PRKAG1,,,,,,,,,,,,,,,,,,,,,,
489,GCM_PRKCG,GCM_PRKCG,MODULE_242,,,,,,,,,,,,,,,,,,,,,
490,GCM_PTK2,GCM_PTK2,GCM_PTPRD,,,,,,,,,,,,,,,,,,,,,
491,GCM_PTPRD,GCM_MAP4K4,GCM_PTK2,GCM_PTPRD,,,,,,,,,,,,,,,,,,,,
492,GCM_PTPRU,GCM_PTPRU,,,,,,,,,,,,,,,,,,,,,,
493,GCM_RAB10,GCM_RAB10,,,,,,,,,,,,,,,,,,,,,,
494,GCM_RAF1,HALLMARK_MYC_TARGETS_V1,GCM_RAF1,,,,,,,,,,,,,,,,,,,,,
495,GCM_RAN,GCM_BMPR2,GCM_RAN,,,,,,,,,,,,,,,,,,,,,
496,GCM_RAP2A,GCM_RAP2A,,,,,,,,,,,,,,,,,,,,,,
497,GCM_RBM8A,GCM_DFFA,GCM_MYST2,GCM_RBM8A,,,,,,,,,,,,,,,,,,,,
498,GCM_RING1,GCM_RING1,AKT_UP_MTOR_DN.V1_DN,,,,,,,,,,,,,,,,,,,,,
499,GCM_SMARCC1,MORF_HDAC2,GCM_SMARCC1,,,,,,,,,,,,,,,,,,,,,
500,GCM_SMARCD1,GCM_SMARCD1,,,,,,,,,,,,,,,,,,,,,,
501,GCM_SMO,GCM_SMO,,,,,,,,,,,,,,,,,,,,,,
502,GCM_SUFU,GCM_SUFU,,,,,,,,,,,,,,,,,,,,,,
503,GCM_SUPT4H1,GCM_FANCC,GCM_SUPT4H1,,,,,,,,,,,,,,,,,,,,,
504,GCM_TEC,GCM_TEC,,,,,,,,,,,,,,,,,,,,,,
505,GCM_TPR,GCM_TPR,,,,,,,,,,,,,,,,,,,,,,
506,GCM_TPT1,KEGG_RIBOSOME,GCM_TPT1,GNF2_EIF3S6,GNF2_GLTSCR2,GNF2_ST13,GNF2_TPT1,MODULE_29,,,,,,,,,,,,,,,,
507,GCM_UBE2N,GCM_UBE2N,,,,,,,,,,,,,,,,,,,,,,
508,GCM_USP6,GCM_USP6,,,,,,,,,,,,,,,,,,,,,,
509,GCM_VAV1,GCM_VAV1,,,,,,,,,,,,,,,,,,,,,,
510,GCM_ZNF198,GCM_MYST2,GCM_ZNF198,,,,,,,,,,,,,,,,,,,,,
511,CAR_HPX,CAR_HPX,CAR_IGFBP1,SRC_UP.V1_DN,,,,,,,,,,,,,,,,,,,,
512,CAR_IGFBP1,CAR_HPX,CAR_IGFBP1,,,,,,,,,,,,,,,,,,,,,
513,CAR_MLANA,CAR_MLANA,,,,,,,,,,,,,,,,,,,,,,
514,CAR_MYST2,CAR_MYST2,,,,,,,,,,,,,,,,,,,,,,
515,CAR_TNFRSF25,CAR_TNFRSF25,,,,,,,,,,,,,,,,,,,,,,
516,CAR_WBSCR22,CAR_WBSCR22,,,,,,,,,,,,,,,,,,,,,,
517,GNF2_ATM,GNF2_ATM,,,,,,,,,,,,,,,,,,,,,,
518,GNF2_BNIP2,GNF2_BNIP2,GNF2_PAK2,,,,,,,,,,,,,,,,,,,,,
519,GNF2_BNIP3L,GNF2_BNIP3L,GNF2_RAD23A,GNF2_TAL1,,,,,,,,,,,,,,,,,,,,
520,GNF2_BUB1,GNF2_BUB1,GNF2_CDC20,GNF2_CDC2,GNF2_CCNA2,GNF2_CCNB2,GNF2_ESPL1,GNF2_H2AFX,GNF2_RRM2,GNF2_SMC2L1,GNF2_HMMR,GNF2_MKI67,GNF2_TTK,,,,,,,,,,,
521,GNF2_BUB3,GNF2_BUB3,MODULE_281,,,,,,,,,,,,,,,,,,,,,
522,GNF2_CARD15,GNF2_CARD15,GNF2_CD14,GNF2_CD1D,GNF2_CD33,GNF2_CD53,GNF2_CD97,GNF2_HCK,GNF2_MYD88,GNF2_PECAM1,GNF2_STAT6,GNF2_VAV1,,,,,,,,,,,,
523,GNF2_CDC20,GNF2_BUB1,GNF2_CDC20,GNF2_CENPE,GNF2_CCNA2,GNF2_CCNB2,GNF2_ESPL1,GNF2_RRM2,GNF2_HMMR,GNF2_MKI67,GNF2_TTK,,,,,,,,,,,,,
524,GNF2_CDC2,GNF2_BUB1,GNF2_CDC2,GNF2_CENPE,GNF2_CENPF,GNF2_CCNA2,GNF2_H2AFX,GNF2_PCNA,GNF2_RRM2,GNF2_SMC2L1,GNF2_BUB1B,GNF2_MCM4,GNF2_TTK,,,,,,,,,,,
525,GNF2_CENPE,GNF2_CDC20,GNF2_CDC2,GNF2_CENPE,GNF2_CENPF,GNF2_CCNA2,GNF2_CCNB2,GNF2_ESPL1,GNF2_H2AFX,GNF2_RRM2,GNF2_SMC2L1,GNF2_HMMR,GNF2_MKI67,GNF2_TTK,,,,,,,,,,
526,GNF2_CENPF,GNF2_CDC2,GNF2_CENPE,GNF2_CENPF,GNF2_CCNA2,GNF2_H2AFX,GNF2_PCNA,GNF2_SMC2L1,GNF2_BUB1B,GNF2_CKS2,GNF2_MCM4,GNF2_TTK,,,,,,,,,,,,
527,GNF2_CCNA1,GNF2_CCNA1,GNF2_MLF1,,,,,,,,,,,,,,,,,,,,,
528,GNF2_CCNA2,GNF2_BUB1,GNF2_CDC20,GNF2_CDC2,GNF2_CENPE,GNF2_CENPF,GNF2_CCNA2,GNF2_CCNB2,GNF2_ESPL1,GNF2_RRM2,GNF2_SMC2L1,GNF2_BUB1B,GNF2_MCM4,GNF2_TTK,,,,,,,,,,
529,GNF2_CCNB2,GNF2_BUB1,GNF2_CDC20,GNF2_CENPE,GNF2_CCNA2,GNF2_CCNB2,GNF2_ESPL1,GNF2_RRM2,GNF2_HMMR,GNF2_MKI67,GNF2_TTK,,,,,,,,,,,,,
530,GNF2_ESPL1,GNF2_BUB1,GNF2_CDC20,GNF2_CENPE,GNF2_CCNA2,GNF2_CCNB2,GNF2_ESPL1,GNF2_RRM2,GNF2_HMMR,GNF2_MKI67,GNF2_TTK,,,,,,,,,,,,,
531,GNF2_FEN1,GNF2_FEN1,GNF2_RFC4,GNF2_RRM1,GNF2_SMC4L1,GNF2_CKS1B,,,,,,,,,,,,,,,,,,
532,GNF2_GSTM1,GNF2_GSTM1,GNF2_HPX,GNF2_TST,GNF2_HPN,GNF2_LCAT,,,,,,,,,,,,,,,,,,
533,GNF2_H2AFX,GNF2_BUB1,GNF2_CDC2,GNF2_CENPE,GNF2_CENPF,GNF2_H2AFX,GNF2_PCNA,GNF2_RRM2,GNF2_SMC2L1,GNF2_BUB1B,GNF2_MCM4,,,,,,,,,,,,,
534,GNF2_HPX,GCM_MYCL1,GNF2_GSTM1,GNF2_HPX,GNF2_TST,GNF2_HPN,GNF2_LCAT,,,,,,,,,,,,,,,,,
535,GNF2_HAT1,GNF2_HAT1,,,,,,,,,,,,,,,,,,,,,,
536,GNF2_HDAC1,KEGG_RNA_DEGRADATION,GNF2_HDAC1,,,,,,,,,,,,,,,,,,,,,
537,GNF2_TDG,GNF2_TDG,,,,,,,,,,,,,,,,,,,,,,
538,GNF2_MLH1,GNF2_MLH1,,,,,,,,,,,,,,,,,,,,,,
539,GNF2_MSH2,GNF2_MSH2,,,,,,,,,,,,,,,,,,,,,,
540,GNF2_MSH6,GNF2_MSH6,,,,,,,,,,,,,,,,,,,,,,
541,GNF2_PRDX2,GNF2_PRDX2,,,,,,,,,,,,,,,,,,,,,,
542,GNF2_PCNA,GNF2_CDC2,GNF2_CENPF,GNF2_H2AFX,GNF2_PCNA,GNF2_SMC2L1,GNF2_BUB1B,GNF2_CKS2,GNF2_MCM4,,,,,,,,,,,,,,,
543,GNF2_RAD23A,GNF2_BNIP3L,GNF2_RAD23A,MODULE_330,MODULE_333,RAPA_EARLY_UP.V1_DN,,,,,,,,,,,,,,,,,,
544,GNF2_RFC3,GNF2_RFC3,GNF2_RFC4,GNF2_SMC4L1,GNF2_CKS1B,,,,,,,,,,,,,,,,,,,
545,GNF2_RFC4,GNF2_FEN1,GNF2_RFC3,GNF2_RFC4,GNF2_RRM1,GNF2_SMC4L1,GNF2_CKS1B,,,,,,,,,,,,,,,,,
546,GNF2_RPA1,GNF2_RPA1,,,,,,,,,,,,,,,,,,,,,,
547,GNF2_RRM1,GNF2_FEN1,GNF2_RFC4,GNF2_RRM1,GNF2_SMC4L1,GNF2_CKS1B,,,,,,,,,,,,,,,,,,
548,GNF2_RRM2,GNF2_BUB1,GNF2_CDC20,GNF2_CDC2,GNF2_CENPE,GNF2_CCNA2,GNF2_CCNB2,GNF2_ESPL1,GNF2_H2AFX,GNF2_RRM2,GNF2_SMC2L1,GNF2_HMMR,GNF2_MKI67,GNF2_TTK,,,,,,,,,,
549,GNF2_SMC1L1,GNF2_SMC1L1,,,,,,,,,,,,,,,,,,,,,,
550,GNF2_SMC2L1,GNF2_BUB1,GNF2_CDC2,GNF2_CENPE,GNF2_CENPF,GNF2_CCNA2,GNF2_H2AFX,GNF2_PCNA,GNF2_RRM2,GNF2_SMC2L1,GNF2_CKS2,GNF2_TTK,,,,,,,,,,,,
551,GNF2_SMC4L1,GNF2_FEN1,GNF2_RFC3,GNF2_RFC4,GNF2_RRM1,GNF2_SMC4L1,,,,,,,,,,,,,,,,,,
552,GNF2_TST,GNF2_GSTM1,GNF2_HPX,GNF2_TST,GNF2_HPN,GNF2_LCAT,,,,,,,,,,,,,,,,,,
553,GNF2_XRCC5,GNF2_XRCC5,,,,,,,,,,,,,,,,,,,,,,
554,GNF2_AF1Q,GNF2_AF1Q,GNF2_RTN1,,,,,,,,,,,,,,,,,,,,,
555,GNF2_ANK1,KEGG_GLYCEROLIPID_METABOLISM,GNF2_ANK1,GNF2_SPTA1,GNF2_SPTB,GNF2_TAL1,,,,,,,,,,,,,,,,,,
556,GNF2_ANP32B,GNF2_ANP32B,,,,,,,,,,,,,,,,,,,,,,
557,GNF2_APEX1,GNF2_APEX1,GNF2_RAN,,,,,,,,,,,,,,,,,,,,,
558,GNF2_BUB1B,GNF2_CDC2,GNF2_CENPF,GNF2_CCNA2,GNF2_H2AFX,GNF2_PCNA,GNF2_BUB1B,GNF2_CKS2,GNF2_MCM4,,,,,,,,,,,,,,,
559,GNF2_CASP1,GNF2_CASP1,GNF2_CASP4,GNF2_CD97,GNF2_ICAM3,GNF2_MCL1,GNF2_PTPN6,GNF2_SELL,GNF2_VAV1,,,,,,,,,,,,,,,
560,GNF2_CASP4,GNF2_CASP1,GNF2_CASP4,GNF2_CD53,GNF2_CD97,GNF2_HCK,GNF2_PECAM1,GNF2_PTPN6,GNF2_SELL,GNF2_TNFSF10,GNF2_VAV1,,,,,,,,,,,,,
561,GNF2_CASP8,GNF2_CASP8,,,,,,,,,,,,,,,,,,,,,,
562,GNF2_CBFB,GNF2_CBFB,,,,,,,,,,,,,,,,,,,,,,
563,GNF2_CD14,KEGG_ALLOGRAFT_REJECTION,GNF2_CARD15,GNF2_CD14,GNF2_CD33,GNF2_CD53,GNF2_HCK,GNF2_INPP5D,GNF2_ITGB2,GNF2_MYD88,,,,,,,,,,,,,,
564,GNF2_CD1D,GNF2_CARD15,GNF2_CD1D,GNF2_CD33,GNF2_CD53,GNF2_HCK,GNF2_MYD88,GNF2_PECAM1,GNF2_STAT6,GNF2_VAV1,,,,,,,,,,,,,,
565,GNF2_CD33,GNF2_CARD15,GNF2_CD14,GNF2_CD1D,GNF2_CD33,GNF2_CD53,GNF2_FOS,GNF2_HCK,,,,,,,,,,,,,,,,
566,GNF2_CD48,GNF2_CD48,GNF2_FGR,GNF2_HLA_C,GNF2_ITGB2,GNF2_S100A4,GNF2_TNFRSF1B,,,,,,,,,,,,,,,,,
567,GNF2_CD53,GNF2_CARD15,GNF2_CASP4,GNF2_CD14,GNF2_CD1D,GNF2_CD33,GNF2_CD53,GNF2_HCK,GNF2_ITGB2,GNF2_MYD88,GNF2_PECAM1,GNF2_STAT6,GNF2_VAV1,,,,,,,,,,,
568,GNF2_CD7,KEGG_TYPE_I_DIABETES_MELLITUS,GNF2_CD7,,,,,,,,,,,,,,,,,,,,,
569,GNF2_CD97,GNF2_CARD15,GNF2_CASP1,GNF2_CASP4,GNF2_CD97,GNF2_PECAM1,GNF2_PTPRC,GNF2_SELL,GNF2_STAT6,,,,,,,,,,,,,,,
570,GNF2_CDC27,GNF2_CDC27,,,,,,,,,,,,,,,,,,,,,,
571,GNF2_CDH11,GNF2_CDH11,,,,,,,,,,,,,,,,,,,,,,
572,GNF2_CDH3,GNF2_CDH3,GNF2_SERPINB5,,,,,,,,,,,,,,,,,,,,,
573,GNF2_CDKN1C,GNF2_CDKN1C,,,,,,,,,,,,,,,,,,,,,,
574,GNF2_CEBPA,GNF2_CEBPA,GNF2_CYP2B6,,,,,,,,,,,,,,,,,,,,,
575,GNF2_CKS1B,GNF2_FEN1,GNF2_RFC3,GNF2_RFC4,GNF2_RRM1,GNF2_CKS1B,,,,,,,,,,,,,,,,,,
576,GNF2_CKS2,GNF2_CENPF,GNF2_PCNA,GNF2_SMC2L1,GNF2_BUB1B,GNF2_CKS2,GNF2_MCM4,,,,,,,,,,,,,,,,,
577,GNF2_CYP2B6,GNF2_CEBPA,GNF2_CYP2B6,,,,,,,,,,,,,,,,,,,,,
578,GNF2_DAP3,GNF2_DAP3,GNF2_FBL,,,,,,,,,,,,,,,,,,,,,
579,GNF2_DDX5,GNF2_DDX5,,,,,,,,,,,,,,,,,,,,,,
580,GNF2_DEK,GNF2_DEK,,,,,,,,,,,,,,,,,,,,,,
581,GNF2_DENR,GNF2_DENR,,,,,,,,,,,,,,,,,,,,,,
582,GNF2_DNM1,GNF2_DNM1,GNF2_MAPT,GNF2_RAB3A,GNF2_TM4SF2,,,,,,,,,,,,,,,,,,,
583,GNF2_EGFR,GNF2_EGFR,,,,,,,,,,,,,,,,,,,,,,
584,GNF2_EIF3S6,KEGG_RIBOSOME,MORF_JUND,MORF_TPT1,GCM_TPT1,GNF2_EIF3S6,GNF2_ST13,GNF2_TPT1,MODULE_29,,,,,,,,,,,,,,,
585,GNF2_ELAC2,KEGG_SPLICEOSOME,GNF2_ELAC2,,,,,,,,,,,,,,,,,,,,,
586,GNF2_FBL,GNF2_DAP3,GNF2_FBL,,,,,,,,,,,,,,,,,,,,,
587,GNF2_FGR,GNF2_CD48,GNF2_FGR,GNF2_ITGB2,GNF2_S100A4,GNF2_TNFRSF1B,GNF2_TNFSF10,GNF2_VAV1,,,,,,,,,,,,,,,,
588,GNF2_FOS,GNF2_CD33,GNF2_FOS,MODULE_424,,,,,,,,,,,,,,,,,,,,
589,GNF2_G22P1,GNF2_G22P1,,,,,,,,,,,,,,,,,,,,,,
590,GNF2_GLTSCR2,KEGG_RIBOSOME,GCM_TPT1,GNF2_GLTSCR2,GNF2_TPT1,MODULE_29,,,,,,,,,,,,,,,,,,
591,GNF2_HCK,GNF2_CARD15,GNF2_CASP4,GNF2_CD14,GNF2_CD1D,GNF2_CD33,GNF2_CD53,GNF2_HCK,GNF2_ITGB2,GNF2_MYD88,GNF2_PECAM1,GNF2_PTPN6,GNF2_STAT6,GNF2_VAV1,,,,,,,,,,
592,GNF2_HLA_C,GNF2_CD48,GNF2_HLA_C,GNF2_ITGB2,GNF2_PTPN6,GNF2_S100A4,GNF2_TNFRSF1B,,,,,,,,,,,,,,,,,
593,GNF2_HMMR,GNF2_BUB1,GNF2_CDC20,GNF2_CENPE,GNF2_CCNB2,GNF2_ESPL1,GNF2_RRM2,GNF2_HMMR,GNF2_MKI67,GNF2_TTK,,,,,,,,,,,,,,
594,GNF2_HPN,GNF2_GSTM1,GNF2_HPX,GNF2_TST,GNF2_HPN,GNF2_LCAT,,,,,,,,,,,,,,,,,,
595,GNF2_ICAM3,GNF2_CASP1,GNF2_ICAM3,GNF2_PTPRC,GNF2_SELL,,,,,,,,,,,,,,,,,,,
596,GNF2_IGF1,GNF2_IGF1,GNF2_SPINK1,,,,,,,,,,,,,,,,,,,,,
597,GNF2_IGFBP1,GNF2_IGFBP1,MODULE_236,,,,,,,,,,,,,,,,,,,,,
598,GNF2_IL2RB,GNF2_IL2RB,GNF2_PTPN4,,,,,,,,,,,,,,,,,,,,,
599,GNF2_INPP5D,GNF2_CD14,GNF2_INPP5D,,,,,,,,,,,,,,,,,,,,,
600,GNF2_ITGAL,KEGG_PRIMARY_IMMUNODEFICIENCY,GNF2_ITGAL,GNF2_JAK1,,,,,,,,,,,,,,,,,,,,
601,GNF2_ITGB2,GNF2_CD14,GNF2_CD48,GNF2_CD53,GNF2_FGR,GNF2_HCK,GNF2_HLA_C,GNF2_ITGB2,GNF2_PTPN6,GNF2_S100A4,GNF2_TNFRSF1B,,,,,,,,,,,,,
602,GNF2_JAK1,GNF2_ITGAL,GNF2_JAK1,,,,,,,,,,,,,,,,,,,,,
603,GNF2_KISS1,GNF2_KISS1,,,,,,,,,,,,,,,,,,,,,,
604,GNF2_KPNB1,GNF2_KPNB1,,,,,,,,,,,,,,,,,,,,,,
605,GNF2_LCAT,GNF2_GSTM1,GNF2_HPX,GNF2_TST,GNF2_HPN,GNF2_LCAT,,,,,,,,,,,,,,,,,,
606,GNF2_LYN,GNF2_LYN,,,,,,,,,,,,,,,,,,,,,,
607,GNF2_MAP2K3,GNF2_MAP2K3,,,,,,,,,,,,,,,,,,,,,,
608,GNF2_MAPT,GNF2_DNM1,GNF2_MAPT,,,,,,,,,,,,,,,,,,,,,
609,GNF2_MATK,GNF2_MATK,,,,,,,,,,,,,,,,,,,,,,
610,GNF2_MBD4,GNF2_MBD4,,,,,,,,,,,,,,,,,,,,,,
611,GNF2_MCL1,GNF2_CASP1,GNF2_MCL1,GNF2_SELL,,,,,,,,,,,,,,,,,,,,
612,GNF2_MCM4,GNF2_CDC2,GNF2_CENPF,GNF2_CCNA2,GNF2_H2AFX,GNF2_PCNA,GNF2_BUB1B,GNF2_CKS2,GNF2_MCM4,,,,,,,,,,,,,,,
613,GNF2_MCM5,GNF2_MCM5,,,,,,,,,,,,,,,,,,,,,,
614,GNF2_MKI67,GNF2_BUB1,GNF2_CDC20,GNF2_CENPE,GNF2_CCNB2,GNF2_ESPL1,GNF2_RRM2,GNF2_HMMR,GNF2_MKI67,,,,,,,,,,,,,,,
615,GNF2_MLF1,GNF2_CCNA1,GNF2_MLF1,,,,,,,,,,,,,,,,,,,,,
616,GNF2_MMP1,GNF2_MMP1,GNF2_PTX3,,,,,,,,,,,,,,,,,,,,,
617,GNF2_MMP11,GNF2_MMP11,GNF2_TIMP2,,,,,,,,,,,,,,,,,,,,,
618,GNF2_MSN,GNF2_MSN,,,,,,,,,,,,,,,,,,,,,,
619,GNF2_MYD88,GNF2_CARD15,GNF2_CD14,GNF2_CD1D,GNF2_CD53,GNF2_HCK,GNF2_MYD88,GNF2_PECAM1,GNF2_SELL,GNF2_TNFRSF1B,GNF2_TNFSF10,GNF2_VAV1,,,,,,,,,,,,
620,GNF2_MYL2,GNF2_MYL2,GNF2_MYL3,,,,,,,,,,,,,,,,,,,,,
621,GNF2_MYL3,GNF2_MYL2,GNF2_MYL3,,,,,,,,,,,,,,,,,,,,,
622,GNF2_NPM1,GNF2_NPM1,,,,,,,,,,,,,,,,,,,,,,
623,GNF2_NS,GNF2_NS,,,,,,,,,,,,,,,,,,,,,,
624,GNF2_PA2G4,MORF_FEN1,GNF2_PA2G4,,,,,,,,,,,,,,,,,,,,,
625,GNF2_PAK2,GNF2_BNIP2,GNF2_PAK2,,,,,,,,,,,,,,,,,,,,,
626,GNF2_PCAF,GNF2_PCAF,,,,,,,,,,,,,,,,,,,,,,
627,GNF2_PECAM1,GNF2_CARD15,GNF2_CASP4,GNF2_CD1D,GNF2_CD53,GNF2_CD97,GNF2_HCK,GNF2_MYD88,GNF2_PECAM1,GNF2_STAT6,GNF2_VAV1,,,,,,,,,,,,,
628,GNF2_PPP6C,GNF2_PPP6C,,,,,,,,,,,,,,,,,,,,,,
629,GNF2_PTPN4,GNF2_IL2RB,GNF2_PTPN4,,,,,,,,,,,,,,,,,,,,,
630,GNF2_PTPN6,KEGG_ASTHMA,GNF2_CASP1,GNF2_CASP4,GNF2_HCK,GNF2_HLA_C,GNF2_ITGB2,GNF2_PTPN6,GNF2_S100A4,GNF2_TNFRSF1B,,,,,,,,,,,,,,
631,GNF2_PTPRC,GNF2_CD97,GNF2_ICAM3,GNF2_PTPRC,,,,,,,,,,,,,,,,,,,,
632,GNF2_PTX3,GNF2_MMP1,GNF2_PTX3,,,,,,,,,,,,,,,,,,,,,
633,GNF2_RAB3A,GNF2_DNM1,GNF2_RAB3A,,,,,,,,,,,,,,,,,,,,,
634,GNF2_RAB7L1,GNF2_RAB7L1,HINATA_NFKB_IMMU_INF,,,,,,,,,,,,,,,,,,,,,
635,GNF2_RAN,GNF2_APEX1,GNF2_RAN,TBK1.DN.48HRS_DN,,,,,,,,,,,,,,,,,,,,
636,GNF2_RAP1B,GNF2_RAP1B,,,,,,,,,,,,,,,,,,,,,,
637,GNF2_RBBP6,GNF2_RBBP6,,,,,,,,,,,,,,,,,,,,,,
638,GNF2_RTN1,GNF2_AF1Q,GNF2_RTN1,,,,,,,,,,,,,,,,,,,,,
639,GNF2_S100A4,GNF2_CD48,GNF2_FGR,GNF2_HLA_C,GNF2_ITGB2,GNF2_PTPN6,GNF2_S100A4,GNF2_TNFRSF1B,GNF2_TNFSF10,GNF2_VAV1,,,,,,,,,,,,,,
640,GNF2_SELL,GNF2_CASP1,GNF2_CASP4,GNF2_CD97,GNF2_ICAM3,GNF2_MCL1,GNF2_MYD88,GNF2_SELL,GNF2_VAV1,,,,,,,,,,,,,,,
641,GNF2_SERPINB5,GNF2_CDH3,GNF2_SERPINB5,,,,,,,,,,,,,,,,,,,,,
642,GNF2_SERPINI2,KEGG_REGULATION_OF_AUTOPHAGY,GNF2_SERPINI2,GNF2_SPINK1,,,,,,,,,,,,,,,,,,,,
643,GNF2_SNRK,GNF2_SNRK,,,,,,,,,,,,,,,,,,,,,,
644,GNF2_SPI1,GNF2_SPI1,,,,,,,,,,,,,,,,,,,,,,
645,GNF2_SPINK1,GNF2_IGF1,GNF2_SERPINI2,GNF2_SPINK1,,,,,,,,,,,,,,,,,,,,
646,GNF2_SPRR1B,KEGG_TYROSINE_METABOLISM,GNF2_SPRR1B,,,,,,,,,,,,,,,,,,,,,
647,GNF2_SPTA1,GNF2_ANK1,GNF2_SPTA1,GNF2_SPTB,GNF2_TAL1,,,,,,,,,,,,,,,,,,,
648,GNF2_SPTB,KEGG_GLYCEROLIPID_METABOLISM,GNF2_ANK1,GNF2_SPTA1,GNF2_SPTB,GNF2_TAL1,,,,,,,,,,,,,,,,,,
649,GNF2_ST13,KEGG_RIBOSOME,GCM_TPT1,GNF2_EIF3S6,GNF2_ST13,GNF2_TPT1,MODULE_29,,,,,,,,,,,,,,,,,
650,GNF2_STAT6,GNF2_CARD15,GNF2_CD1D,GNF2_CD53,GNF2_CD97,GNF2_HCK,GNF2_PECAM1,GNF2_STAT6,,,,,,,,,,,,,,,,
651,GNF2_TAL1,GNF2_BNIP3L,GNF2_ANK1,GNF2_SPTA1,GNF2_SPTB,GNF2_TAL1,,,,,,,,,,,,,,,,,,
652,GNF2_TIMP2,GNF2_MMP11,GNF2_TIMP2,,,,,,,,,,,,,,,,,,,,,
653,GNF2_TM4SF2,GNF2_DNM1,GNF2_TM4SF2,MODULE_215,,,,,,,,,,,,,,,,,,,,
654,GNF2_TNFRSF1B,GNF2_CD48,GNF2_FGR,GNF2_HLA_C,GNF2_ITGB2,GNF2_MYD88,GNF2_PTPN6,GNF2_S100A4,GNF2_TNFRSF1B,GNF2_TNFSF10,GNF2_VAV1,,,,,,,,,,,,,
655,GNF2_TNFSF10,GNF2_CASP4,GNF2_FGR,GNF2_MYD88,GNF2_S100A4,GNF2_TNFRSF1B,GNF2_TNFSF10,GNF2_VAV1,,,,,,,,,,,,,,,,
656,GNF2_TPT1,KEGG_RIBOSOME,GCM_TPT1,GNF2_EIF3S6,GNF2_GLTSCR2,GNF2_ST13,GNF2_TPT1,MODULE_29,,,,,,,,,,,,,,,,
657,GNF2_TTK,GNF2_BUB1,GNF2_CDC20,GNF2_CDC2,GNF2_CENPE,GNF2_CENPF,GNF2_CCNA2,GNF2_CCNB2,GNF2_ESPL1,GNF2_RRM2,GNF2_SMC2L1,GNF2_HMMR,GNF2_TTK,,,,,,,,,,,
658,GNF2_TTN,GNF2_TTN,MODULE_366,,,,,,,,,,,,,,,,,,,,,
659,GNF2_TYK2,GNF2_TYK2,,,,,,,,,,,,,,,,,,,,,,
660,GNF2_UBE2I,GCM_NPM1,GNF2_UBE2I,,,,,,,,,,,,,,,,,,,,,
661,GNF2_VAV1,GNF2_CARD15,GNF2_CASP1,GNF2_CASP4,GNF2_CD1D,GNF2_CD53,GNF2_FGR,GNF2_HCK,GNF2_MYD88,GNF2_PECAM1,GNF2_S100A4,GNF2_SELL,GNF2_TNFRSF1B,GNF2_TNFSF10,GNF2_VAV1,,,,,,,,,
662,GNF2_ZAP70,GNF2_ZAP70,,,,,,,,,,,,,,,,,,,,,,
663,MODULE_1,MODULE_1,,,,,,,,,,,,,,,,,,,,,,
664,MODULE_2,MODULE_2,,,,,,,,,,,,,,,,,,,,,,
665,MODULE_3,MODULE_3,,,,,,,,,,,,,,,,,,,,,,
666,MODULE_4,MODULE_4,MODULE_82,,,,,,,,,,,,,,,,,,,,,
667,MODULE_5,MODULE_5,MODULE_445,,,,,,,,,,,,,,,,,,,,,
668,MODULE_6,MODULE_6,MODULE_431,,,,,,,,,,,,,,,,,,,,,
669,MODULE_7,MODULE_7,MODULE_48,MODULE_95,MODULE_163,,,,,,,,,,,,,,,,,,,
670,MODULE_8,MODULE_8,,,,,,,,,,,,,,,,,,,,,,
671,MODULE_9,MODULE_9,MODULE_313,,,,,,,,,,,,,,,,,,,,,
672,MODULE_11,MODULE_11,MODULE_66,MODULE_100,MODULE_137,,,,,,,,,,,,,,,,,,,
673,MODULE_12,MODULE_12,CSR_LATE_UP.V1_DN,,,,,,,,,,,,,,,,,,,,,
674,MODULE_13,MODULE_13,WNT_UP.V1_UP,KRAS.600_UP.V1_DN,,,,,,,,,,,,,,,,,,,,
675,MODULE_14,MODULE_14,MODULE_444,,,,,,,,,,,,,,,,,,,,,
676,MODULE_15,MODULE_15,,,,,,,,,,,,,,,,,,,,,,
677,MODULE_16,MODULE_16,,,,,,,,,,,,,,,,,,,,,,
678,MODULE_17,MODULE_17,,,,,,,,,,,,,,,,,,,,,,
679,MODULE_18,MODULE_18,MODULE_126,,,,,,,,,,,,,,,,,,,,,
680,MODULE_19,MODULE_19,,,,,,,,,,,,,,,,,,,,,,
681,MODULE_20,MODULE_20,,,,,,,,,,,,,,,,,,,,,,
682,MODULE_21,MODULE_21,,,,,,,,,,,,,,,,,,,,,,
683,MODULE_22,MODULE_22,MODULE_25,MODULE_42,MODULE_77,,,,,,,,,,,,,,,,,,,
684,MODULE_23,MODULE_23,,,,,,,,,,,,,,,,,,,,,,
685,MODULE_24,MODULE_24,MODULE_55,MODULE_88,,,,,,,,,,,,,,,,,,,,
686,MODULE_25,MODULE_22,MODULE_25,MODULE_42,MODULE_77,,,,,,,,,,,,,,,,,,,
687,MODULE_26,MODULE_26,,,,,,,,,,,,,,,,,,,,,,
688,MODULE_27,MODULE_27,,,,,,,,,,,,,,,,,,,,,,
689,MODULE_28,MODULE_28,MODULE_91,,,,,,,,,,,,,,,,,,,,,
690,MODULE_29,KEGG_RIBOSOME,GCM_TPT1,GNF2_EIF3S6,GNF2_GLTSCR2,GNF2_ST13,GNF2_TPT1,MODULE_29,,,,,,,,,,,,,,,,
691,MODULE_32,MORF_ANP32B,MORF_UBE2I,MODULE_32,,,,,,,,,,,,,,,,,,,,
692,MODULE_33,MODULE_33,KRAS.50_UP.V1_DN,,,,,,,,,,,,,,,,,,,,,
693,MODULE_35,MODULE_35,,,,,,,,,,,,,,,,,,,,,,
694,MODULE_36,MODULE_36,MTOR_UP.N4.V1_DN,,,,,,,,,,,,,,,,,,,,,
695,MODULE_37,MODULE_37,MODULE_69,MODULE_136,MODULE_179,MODULE_192,MODULE_255,MODULE_317,MODULE_334,MODULE_378,MODULE_459,MODULE_532,TGFB_UP.V1_DN,,,,,,,,,,,
696,MODULE_38,MODULE_38,,,,,,,,,,,,,,,,,,,,,,
697,MODULE_39,MODULE_39,MODULE_264,,,,,,,,,,,,,,,,,,,,,
698,MODULE_40,MODULE_40,,,,,,,,,,,,,,,,,,,,,,
699,MODULE_41,MODULE_41,MODULE_104,,,,,,,,,,,,,,,,,,,,,
700,MODULE_42,MODULE_22,MODULE_25,MODULE_42,MODULE_77,,,,,,,,,,,,,,,,,,,
701,MODULE_43,MODULE_43,,,,,,,,,,,,,,,,,,,,,,
702,MODULE_44,MODULE_44,MODULE_75,MODULE_84,MODULE_275,,,,,,,,,,,,,,,,,,,
703,MODULE_45,MODULE_45,,,,,,,,,,,,,,,,,,,,,,
704,MODULE_46,MODULE_46,MODULE_75,MODULE_84,MODULE_223,,,,,,,,,,,,,,,,,,,
705,MODULE_47,HALLMARK_EPITHELIAL_MESENCHYMAL_TRANSITION,MODULE_47,MODULE_321,,,,,,,,,,,,,,,,,,,,
706,MODULE_48,MORF_BCL2,MODULE_7,MODULE_48,MODULE_95,MODULE_163,,,,,,,,,,,,,,,,,,
707,MODULE_49,KEGG_MTOR_SIGNALING_PATHWAY,MODULE_49,,,,,,,,,,,,,,,,,,,,,
708,MODULE_50,MODULE_50,,,,,,,,,,,,,,,,,,,,,,
709,MODULE_51,MODULE_51,,,,,,,,,,,,,,,,,,,,,,
710,MODULE_52,MODULE_52,TBK1.DN.48HRS_UP,,,,,,,,,,,,,,,,,,,,,
711,MODULE_53,MODULE_53,,,,,,,,,,,,,,,,,,,,,,
712,MODULE_54,MODULE_54,MODULE_57,MODULE_403,MODULE_451,,,,,,,,,,,,,,,,,,,
713,MODULE_55,MODULE_24,MODULE_55,MODULE_88,,,,,,,,,,,,,,,,,,,,
714,MODULE_56,MODULE_56,,,,,,,,,,,,,,,,,,,,,,
715,MODULE_57,HALLMARK_G2M_CHECKPOINT,MODULE_54,MODULE_57,MODULE_403,,,,,,,,,,,,,,,,,,,
716,MODULE_58,KEGG_HEMATOPOIETIC_CELL_LINEAGE,MODULE_58,MODULE_130,,,,,,,,,,,,,,,,,,,,
717,MODULE_59,MODULE_59,,,,,,,,,,,,,,,,,,,,,,
718,MODULE_60,MODULE_60,,,,,,,,,,,,,,,,,,,,,,
719,MODULE_61,MODULE_61,,,,,,,,,,,,,,,,,,,,,,
720,MODULE_62,KEGG_OXIDATIVE_PHOSPHORYLATION,KEGG_PARKINSONS_DISEASE,MODULE_62,,,,,,,,,,,,,,,,,,,,
721,MODULE_63,MORF_RAD54L,MODULE_63,,,,,,,,,,,,,,,,,,,,,
722,MODULE_64,MODULE_64,,,,,,,,,,,,,,,,,,,,,,
723,MODULE_65,MODULE_65,,,,,,,,,,,,,,,,,,,,,,
724,MODULE_66,MODULE_11,MODULE_66,MODULE_100,MODULE_137,,,,,,,,,,,,,,,,,,,
725,MODULE_67,MODULE_67,EGFR_UP.V1_DN,,,,,,,,,,,,,,,,,,,,,
726,MODULE_68,MODULE_68,MODULE_298,,,,,,,,,,,,,,,,,,,,,
727,MODULE_69,MODULE_37,MODULE_69,MODULE_136,MODULE_179,MODULE_192,MODULE_255,MODULE_317,MODULE_334,MODULE_378,MODULE_459,MODULE_532,TGFB_UP.V1_DN,,,,,,,,,,,
728,MODULE_70,MODULE_70,,,,,,,,,,,,,,,,,,,,,,
729,MODULE_71,MODULE_71,,,,,,,,,,,,,,,,,,,,,,
730,MODULE_72,MODULE_72,,,,,,,,,,,,,,,,,,,,,,
731,MODULE_73,MODULE_73,MODULE_265,,,,,,,,,,,,,,,,,,,,,
732,MODULE_75,MODULE_44,MODULE_46,MODULE_75,MODULE_84,MODULE_223,PRC2_EZH2_UP.V1_UP,,,,,,,,,,,,,,,,,
733,MODULE_76,HALLMARK_IL6_JAK_STAT3_SIGNALING,MODULE_76,MODULE_108,MODULE_263,,,,,,,,,,,,,,,,,,,
734,MODULE_77,MODULE_22,MODULE_25,MODULE_42,MODULE_77,MODULE_103,,,,,,,,,,,,,,,,,,
735,MODULE_78,MODULE_78,,,,,,,,,,,,,,,,,,,,,,
736,MODULE_79,HALLMARK_KRAS_SIGNALING_UP,MODULE_79,MODULE_128,MODULE_170,,,,,,,,,,,,,,,,,,,
737,MODULE_80,MODULE_80,,,,,,,,,,,,,,,,,,,,,,
738,MODULE_81,MODULE_81,MODULE_149,,,,,,,,,,,,,,,,,,,,,
739,MODULE_82,MODULE_4,MODULE_82,,,,,,,,,,,,,,,,,,,,,
740,MODULE_83,MODULE_83,,,,,,,,,,,,,,,,,,,,,,
741,MODULE_84,MODULE_44,MODULE_46,MODULE_75,MODULE_84,,,,,,,,,,,,,,,,,,,
742,MODULE_85,MODULE_85,MODULE_199,MODULE_259,,,,,,,,,,,,,,,,,,,,
743,MODULE_86,MODULE_86,,,,,,,,,,,,,,,,,,,,,,
744,MODULE_87,MODULE_87,,,,,,,,,,,,,,,,,,,,,,
745,MODULE_88,MODULE_24,MODULE_55,MODULE_88,MODULE_342,,,,,,,,,,,,,,,,,,,
746,MODULE_89,MODULE_89,MODULE_203,,,,,,,,,,,,,,,,,,,,,
747,MODULE_90,MODULE_90,,,,,,,,,,,,,,,,,,,,,,
748,MODULE_91,KEGG_PROTEASOME,MODULE_28,MODULE_91,,,,,,,,,,,,,,,,,,,,
749,MODULE_92,MODULE_92,,,,,,,,,,,,,,,,,,,,,,
750,MODULE_93,MODULE_93,,,,,,,,,,,,,,,,,,,,,,
751,MODULE_94,MODULE_94,RAPA_EARLY_UP.V1_UP,AKT_UP_MTOR_DN.V1_UP,,,,,,,,,,,,,,,,,,,,
752,MODULE_95,MODULE_7,MODULE_48,MODULE_95,MODULE_163,,,,,,,,,,,,,,,,,,,
753,MODULE_96,MODULE_96,MODULE_129,,,,,,,,,,,,,,,,,,,,,
754,MODULE_97,MORF_REV3L,MODULE_97,MODULE_182,MODULE_358,,,,,,,,,,,,,,,,,,,
755,MODULE_98,MODULE_98,MODULE_198,,,,,,,,,,,,,,,,,,,,,
756,MODULE_99,MODULE_99,IL15_UP.V1_DN,,,,,,,,,,,,,,,,,,,,,
757,MODULE_100,MODULE_11,MODULE_66,MODULE_100,MODULE_137,,,,,,,,,,,,,,,,,,,
758,MODULE_101,MODULE_101,,,,,,,,,,,,,,,,,,,,,,
759,MODULE_102,MORF_EIF3S2,MODULE_102,,,,,,,,,,,,,,,,,,,,,
760,MODULE_103,MODULE_77,MODULE_103,,,,,,,,,,,,,,,,,,,,,
761,MODULE_104,MODULE_41,MODULE_104,MODULE_181,MODULE_242,MODULE_379,,,,,,,,,,,,,,,,,,
762,MODULE_105,MODULE_105,,,,,,,,,,,,,,,,,,,,,,
763,MODULE_106,MODULE_106,,,,,,,,,,,,,,,,,,,,,,
764,MODULE_107,MODULE_107,MODULE_172,MODULE_209,,,,,,,,,,,,,,,,,,,,
765,MODULE_108,MODULE_76,MODULE_108,MODULE_263,,,,,,,,,,,,,,,,,,,,
766,MODULE_109,MODULE_109,,,,,,,,,,,,,,,,,,,,,,
767,MODULE_110,MODULE_110,,,,,,,,,,,,,,,,,,,,,,
768,MODULE_111,MODULE_111,MODULE_157,,,,,,,,,,,,,,,,,,,,,
769,MODULE_112,MODULE_112,MODULE_176,,,,,,,,,,,,,,,,,,,,,
770,MODULE_113,MODULE_113,MODULE_328,STK33_DN,,,,,,,,,,,,,,,,,,,,
771,MODULE_114,MODULE_114,MODULE_151,,,,,,,,,,,,,,,,,,,,,
772,MODULE_115,MODULE_115,,,,,,,,,,,,,,,,,,,,,,
773,MODULE_116,KEGG_OXIDATIVE_PHOSPHORYLATION,MODULE_116,,,,,,,,,,,,,,,,,,,,,
774,MODULE_117,MODULE_117,P53_DN.V2_DN,,,,,,,,,,,,,,,,,,,,,
775,MODULE_118,MODULE_118,,,,,,,,,,,,,,,,,,,,,,
776,MODULE_119,KEGG_APOPTOSIS,MODULE_119,,,,,,,,,,,,,,,,,,,,,
777,MODULE_120,MODULE_120,,,,,,,,,,,,,,,,,,,,,,
778,MODULE_121,MODULE_121,,,,,,,,,,,,,,,,,,,,,,
779,MODULE_122,MODULE_122,,,,,,,,,,,,,,,,,,,,,,
780,MODULE_123,MODULE_123,,,,,,,,,,,,,,,,,,,,,,
781,MODULE_124,MODULE_124,,,,,,,,,,,,,,,,,,,,,,
782,MODULE_125,HALLMARK_E2F_TARGETS,MODULE_125,MODULE_158,,,,,,,,,,,,,,,,,,,,
783,MODULE_126,MODULE_18,MODULE_126,,,,,,,,,,,,,,,,,,,,,
784,MODULE_127,MODULE_127,,,,,,,,,,,,,,,,,,,,,,
785,MODULE_128,MODULE_79,MODULE_128,MODULE_170,,,,,,,,,,,,,,,,,,,,
786,MODULE_129,HALLMARK_ESTROGEN_RESPONSE_EARLY,MODULE_96,MODULE_129,,,,,,,,,,,,,,,,,,,,
787,MODULE_130,MODULE_58,MODULE_130,,,,,,,,,,,,,,,,,,,,,
788,MODULE_131,MODULE_131,MODULE_521,,,,,,,,,,,,,,,,,,,,,
789,MODULE_132,MODULE_132,,,,,,,,,,,,,,,,,,,,,,
790,MODULE_133,MODULE_133,MODULE_160,,,,,,,,,,,,,,,,,,,,,
791,MODULE_134,MODULE_134,,,,,,,,,,,,,,,,,,,,,,
792,MODULE_135,KEGG_NITROGEN_METABOLISM,MODULE_135,,,,,,,,,,,,,,,,,,,,,
793,MODULE_136,MODULE_37,MODULE_69,MODULE_136,MODULE_192,MODULE_255,MODULE_317,MODULE_334,MODULE_378,MODULE_459,MODULE_532,TGFB_UP.V1_DN,,,,,,,,,,,,
794,MODULE_137,MODULE_11,MODULE_66,MODULE_100,MODULE_137,,,,,,,,,,,,,,,,,,,
795,MODULE_138,MODULE_138,,,,,,,,,,,,,,,,,,,,,,
796,MODULE_139,MODULE_139,,,,,,,,,,,,,,,,,,,,,,
797,MODULE_141,MODULE_141,,,,,,,,,,,,,,,,,,,,,,
798,MODULE_143,KEGG_ALLOGRAFT_REJECTION,MODULE_143,MODULE_293,,,,,,,,,,,,,,,,,,,,
799,MODULE_145,MODULE_145,MODULE_238,MODULE_361,CTIP_DN.V1_DN,,,,,,,,,,,,,,,,,,,
800,MODULE_146,MODULE_146,MODULE_289,MODULE_375,,,,,,,,,,,,,,,,,,,,
801,MODULE_147,MODULE_147,MODULE_195,MODULE_356,,,,,,,,,,,,,,,,,,,,
802,MODULE_148,MODULE_148,,,,,,,,,,,,,,,,,,,,,,
803,MODULE_149,MODULE_81,MODULE_149,,,,,,,,,,,,,,,,,,,,,
804,MODULE_150,MORF_ACTG1,MORF_NPM1,MODULE_150,,,,,,,,,,,,,,,,,,,,
805,MODULE_151,MODULE_114,MODULE_151,,,,,,,,,,,,,,,,,,,,,
806,MODULE_152,KEGG_OXIDATIVE_PHOSPHORYLATION,KEGG_PARKINSONS_DISEASE,MODULE_152,,,,,,,,,,,,,,,,,,,,
807,MODULE_153,MODULE_153,AKT_UP.V1_UP,,,,,,,,,,,,,,,,,,,,,
808,MODULE_154,MODULE_154,MODULE_297,MODULE_357,,,,,,,,,,,,,,,,,,,,
809,MODULE_155,MODULE_155,MODULE_245,,,,,,,,,,,,,,,,,,,,,
810,MODULE_156,MODULE_156,PRC2_EED_UP.V1_UP,,,,,,,,,,,,,,,,,,,,,
811,MODULE_157,GCM_HMGA2,MODULE_111,MODULE_157,,,,,,,,,,,,,,,,,,,,
812,MODULE_158,HALLMARK_E2F_TARGETS,MODULE_125,MODULE_158,,,,,,,,,,,,,,,,,,,,
813,MODULE_159,MODULE_159,,,,,,,,,,,,,,,,,,,,,,
814,MODULE_160,MODULE_133,MODULE_160,,,,,,,,,,,,,,,,,,,,,
815,MODULE_162,MORF_MYL3,MODULE_162,,,,,,,,,,,,,,,,,,,,,
816,MODULE_163,MODULE_7,MODULE_48,MODULE_95,MODULE_163,ATF2_S_UP.V1_UP,,,,,,,,,,,,,,,,,,
817,MODULE_164,MODULE_164,MODULE_324,,,,,,,,,,,,,,,,,,,,,
818,MODULE_165,MODULE_165,,,,,,,,,,,,,,,,,,,,,,
819,MODULE_166,MODULE_166,,,,,,,,,,,,,,,,,,,,,,
820,MODULE_168,MODULE_168,MODULE_222,,,,,,,,,,,,,,,,,,,,,
821,MODULE_169,MODULE_169,,,,,,,,,,,,,,,,,,,,,,
822,MODULE_170,HALLMARK_KRAS_SIGNALING_UP,MODULE_79,MODULE_128,MODULE_170,,,,,,,,,,,,,,,,,,,
823,MODULE_171,HALLMARK_COMPLEMENT,MODULE_171,MODULE_208,MODULE_292,,,,,,,,,,,,,,,,,,,
824,MODULE_172,MODULE_107,MODULE_172,MODULE_209,,,,,,,,,,,,,,,,,,,,
825,MODULE_173,MODULE_173,,,,,,,,,,,,,,,,,,,,,,
826,MODULE_174,MODULE_174,MODULE_241,,,,,,,,,,,,,,,,,,,,,
827,MODULE_175,MODULE_175,,,,,,,,,,,,,,,,,,,,,,
828,MODULE_176,MODULE_112,MODULE_176,,,,,,,,,,,,,,,,,,,,,
829,MODULE_177,HALLMARK_IL6_JAK_STAT3_SIGNALING,MODULE_177,,,,,,,,,,,,,,,,,,,,,
830,MODULE_178,MODULE_178,MODULE_444,,,,,,,,,,,,,,,,,,,,,
831,MODULE_179,MODULE_37,MODULE_69,MODULE_179,MODULE_192,MODULE_255,MODULE_317,MODULE_334,MODULE_378,MODULE_459,MODULE_532,TGFB_UP.V1_DN,,,,,,,,,,,,
832,MODULE_180,MODULE_180,PKCA_DN.V1_UP,,,,,,,,,,,,,,,,,,,,,
833,MODULE_181,MODULE_104,MODULE_181,MODULE_242,MODULE_379,PIGF_UP.V1_DN,,,,,,,,,,,,,,,,,,
834,MODULE_182,MODULE_97,MODULE_182,,,,,,,,,,,,,,,,,,,,,
835,MODULE_183,MODULE_183,,,,,,,,,,,,,,,,,,,,,,
836,MODULE_184,KEGG_VALINE_LEUCINE_AND_ISOLEUCINE_DEGRADATION,MODULE_184,MODULE_221,,,,,,,,,,,,,,,,,,,,
837,MODULE_186,MODULE_186,PDGF_UP.V1_DN,,,,,,,,,,,,,,,,,,,,,
838,MODULE_188,MODULE_188,MODULE_361,,,,,,,,,,,,,,,,,,,,,
839,MODULE_189,MODULE_189,,,,,,,,,,,,,,,,,,,,,,
840,MODULE_190,MODULE_190,MODULE_474,,,,,,,,,,,,,,,,,,,,,
841,MODULE_191,MODULE_191,MODULE_262,,,,,,,,,,,,,,,,,,,,,
842,MODULE_192,KEGG_PENTOSE_AND_GLUCURONATE_INTERCONVERSIONS,MODULE_37,MODULE_69,MODULE_136,MODULE_179,MODULE_192,MODULE_255,MODULE_279,MODULE_317,MODULE_334,MODULE_378,MODULE_459,MODULE_532,,,,,,,,,,
843,MODULE_194,MODULE_194,MODULE_464,,,,,,,,,,,,,,,,,,,,,
844,MODULE_195,MODULE_147,MODULE_195,MODULE_356,,,,,,,,,,,,,,,,,,,,
845,MODULE_196,MODULE_196,MODULE_253,,,,,,,,,,,,,,,,,,,,,
846,MODULE_197,MODULE_197,,,,,,,,,,,,,,,,,,,,,,
847,MODULE_198,MODULE_98,MODULE_198,,,,,,,,,,,,,,,,,,,,,
848,MODULE_199,MODULE_85,MODULE_199,MODULE_259,,,,,,,,,,,,,,,,,,,,
849,MODULE_200,MODULE_200,,,,,,,,,,,,,,,,,,,,,,
850,MODULE_201,MODULE_201,,,,,,,,,,,,,,,,,,,,,,
851,MODULE_202,MODULE_202,,,,,,,,,,,,,,,,,,,,,,
852,MODULE_203,MODULE_89,MODULE_203,,,,,,,,,,,,,,,,,,,,,
853,MODULE_204,MODULE_204,,,,,,,,,,,,,,,,,,,,,,
854,MODULE_205,MORF_BRCA1,MORF_PTEN,MODULE_205,,,,,,,,,,,,,,,,,,,,
855,MODULE_206,MODULE_206,,,,,,,,,,,,,,,,,,,,,,
856,MODULE_207,MODULE_207,MODULE_389,,,,,,,,,,,,,,,,,,,,,
857,MODULE_208,HALLMARK_TNFA_SIGNALING_VIA_NFKB,KEGG_CELL_ADHESION_MOLECULES_CAMS,KEGG_VIRAL_MYOCARDITIS,MODULE_171,MODULE_208,MODULE_292,MODULE_436,,,,,,,,,,,,,,,,
858,MODULE_209,MODULE_107,MODULE_172,MODULE_209,,,,,,,,,,,,,,,,,,,,
859,MODULE_210,MODULE_210,,,,,,,,,,,,,,,,,,,,,,
860,MODULE_211,MODULE_211,,,,,,,,,,,,,,,,,,,,,,
861,MODULE_212,MODULE_212,,,,,,,,,,,,,,,,,,,,,,
862,MODULE_213,MODULE_213,KRAS.AMP.LUNG_UP.V1_DN,,,,,,,,,,,,,,,,,,,,,
863,MODULE_214,MODULE_214,,,,,,,,,,,,,,,,,,,,,,
864,MODULE_215,GNF2_TM4SF2,MODULE_215,,,,,,,,,,,,,,,,,,,,,
865,MODULE_218,GCM_GSPT1,MODULE_218,,,,,,,,,,,,,,,,,,,,,
866,MODULE_219,MODULE_219,,,,,,,,,,,,,,,,,,,,,,
867,MODULE_220,MODULE_220,BCAT_GDS748_UP,SNF5_DN.V1_DN,,,,,,,,,,,,,,,,,,,,
868,MODULE_221,KEGG_VALINE_LEUCINE_AND_ISOLEUCINE_DEGRADATION,MODULE_184,MODULE_221,,,,,,,,,,,,,,,,,,,,
869,MODULE_222,MODULE_168,MODULE_222,,,,,,,,,,,,,,,,,,,,,
870,MODULE_223,MODULE_46,MODULE_75,MODULE_223,,,,,,,,,,,,,,,,,,,,
871,MODULE_226,MODULE_226,,,,,,,,,,,,,,,,,,,,,,
872,MODULE_227,MODULE_227,,,,,,,,,,,,,,,,,,,,,,
873,MODULE_229,MODULE_229,,,,,,,,,,,,,,,,,,,,,,
874,MODULE_233,MODULE_233,,,,,,,,,,,,,,,,,,,,,,
875,MODULE_234,MODULE_234,,,,,,,,,,,,,,,,,,,,,,
876,MODULE_235,MODULE_235,,,,,,,,,,,,,,,,,,,,,,
877,MODULE_236,GNF2_IGFBP1,MODULE_236,MODULE_341,MODULE_411,,,,,,,,,,,,,,,,,,,
878,MODULE_237,MORF_TTN,MODULE_237,TGFB_UP.V1_DN,,,,,,,,,,,,,,,,,,,,
879,MODULE_238,MODULE_145,MODULE_238,MODULE_301,,,,,,,,,,,,,,,,,,,,
880,MODULE_239,MODULE_239,,,,,,,,,,,,,,,,,,,,,,
881,MODULE_240,KEGG_BASAL_CELL_CARCINOMA,MODULE_240,MODULE_313,,,,,,,,,,,,,,,,,,,,
882,MODULE_241,MODULE_174,MODULE_241,MODULE_291,,,,,,,,,,,,,,,,,,,,
883,MODULE_242,MORF_PDPK1,GCM_PRKCG,MODULE_104,MODULE_181,MODULE_242,MODULE_379,,,,,,,,,,,,,,,,,
884,MODULE_243,MODULE_243,,,,,,,,,,,,,,,,,,,,,,
885,MODULE_244,MODULE_244,,,,,,,,,,,,,,,,,,,,,,
886,MODULE_245,MODULE_155,MODULE_245,,,,,,,,,,,,,,,,,,,,,
887,MODULE_247,MODULE_247,,,,,,,,,,,,,,,,,,,,,,
888,MODULE_248,MODULE_248,,,,,,,,,,,,,,,,,,,,,,
889,MODULE_249,MODULE_249,,,,,,,,,,,,,,,,,,,,,,
890,MODULE_252,MODULE_252,,,,,,,,,,,,,,,,,,,,,,
891,MODULE_253,MODULE_196,MODULE_253,,,,,,,,,,,,,,,,,,,,,
892,MODULE_254,MODULE_254,MODULE_312,,,,,,,,,,,,,,,,,,,,,
893,MODULE_255,MODULE_37,MODULE_69,MODULE_136,MODULE_179,MODULE_192,MODULE_255,MODULE_317,MODULE_334,MODULE_378,MODULE_459,MODULE_532,TGFB_UP.V1_DN,,,,,,,,,,,
894,MODULE_256,MODULE_256,ESC_J1_UP_LATE.V1_DN,PDGF_ERK_DN.V1_DN,,,,,,,,,,,,,,,,,,,,
895,MODULE_257,MODULE_257,,,,,,,,,,,,,,,,,,,,,,
896,MODULE_259,MODULE_85,MODULE_199,MODULE_259,,,,,,,,,,,,,,,,,,,,
897,MODULE_261,MODULE_261,MODULE_358,,,,,,,,,,,,,,,,,,,,,
898,MODULE_262,MODULE_191,MODULE_262,,,,,,,,,,,,,,,,,,,,,
899,MODULE_263,MODULE_76,MODULE_108,MODULE_263,,,,,,,,,,,,,,,,,,,,
900,MODULE_264,MODULE_39,MODULE_264,,,,,,,,,,,,,,,,,,,,,
901,MODULE_265,MODULE_73,MODULE_265,,,,,,,,,,,,,,,,,,,,,
902,MODULE_267,MODULE_267,,,,,,,,,,,,,,,,,,,,,,
903,MODULE_272,MODULE_272,,,,,,,,,,,,,,,,,,,,,,
904,MODULE_273,MODULE_273,,,,,,,,,,,,,,,,,,,,,,
905,MODULE_274,MODULE_274,,,,,,,,,,,,,,,,,,,,,,
906,MODULE_275,MODULE_44,MODULE_275,,,,,,,,,,,,,,,,,,,,,
907,MODULE_277,MODULE_277,VEGF_A_UP.V1_DN,,,,,,,,,,,,,,,,,,,,,
908,MODULE_278,MODULE_278,GCNP_SHH_UP_LATE.V1_UP,,,,,,,,,,,,,,,,,,,,,
909,MODULE_279,MODULE_192,MODULE_279,MODULE_334,,,,,,,,,,,,,,,,,,,,
910,MODULE_280,MODULE_280,,,,,,,,,,,,,,,,,,,,,,
911,MODULE_281,GNF2_BUB3,MODULE_281,,,,,,,,,,,,,,,,,,,,,
912,MODULE_284,MODULE_284,,,,,,,,,,,,,,,,,,,,,,
913,MODULE_285,MODULE_285,,,,,,,,,,,,,,,,,,,,,,
914,MODULE_286,HALLMARK_FATTY_ACID_METABOLISM,MODULE_286,,,,,,,,,,,,,,,,,,,,,
915,MODULE_287,MODULE_287,,,,,,,,,,,,,,,,,,,,,,
916,MODULE_288,MODULE_288,,,,,,,,,,,,,,,,,,,,,,
917,MODULE_289,MODULE_146,MODULE_289,MODULE_375,,,,,,,,,,,,,,,,,,,,
918,MODULE_291,MODULE_241,MODULE_291,GCNP_SHH_UP_LATE.V1_DN,,,,,,,,,,,,,,,,,,,,
919,MODULE_292,MODULE_171,MODULE_208,MODULE_292,MODULE_345,MODULE_436,,,,,,,,,,,,,,,,,,
920,MODULE_293,MODULE_143,MODULE_293,,,,,,,,,,,,,,,,,,,,,
921,MODULE_294,MODULE_294,,,,,,,,,,,,,,,,,,,,,,
922,MODULE_295,KEGG_BUTANOATE_METABOLISM,MODULE_295,,,,,,,,,,,,,,,,,,,,,
923,MODULE_297,MODULE_154,MODULE_297,MODULE_357,,,,,,,,,,,,,,,,,,,,
924,MODULE_298,MODULE_68,MODULE_298,,,,,,,,,,,,,,,,,,,,,
925,MODULE_299,MODULE_299,,,,,,,,,,,,,,,,,,,,,,
926,MODULE_300,MODULE_300,,,,,,,,,,,,,,,,,,,,,,
927,MODULE_301,MORF_FOSL1,MODULE_238,MODULE_301,MODULE_361,,,,,,,,,,,,,,,,,,,
928,MODULE_303,MODULE_303,,,,,,,,,,,,,,,,,,,,,,
929,MODULE_305,MODULE_305,,,,,,,,,,,,,,,,,,,,,,
930,MODULE_306,MODULE_306,,,,,,,,,,,,,,,,,,,,,,
931,MODULE_307,MODULE_307,,,,,,,,,,,,,,,,,,,,,,
932,MODULE_308,MODULE_308,,,,,,,,,,,,,,,,,,,,,,
933,MODULE_310,MODULE_310,,,,,,,,,,,,,,,,,,,,,,
934,MODULE_311,MODULE_311,,,,,,,,,,,,,,,,,,,,,,
935,MODULE_312,MODULE_254,MODULE_312,,,,,,,,,,,,,,,,,,,,,
936,MODULE_313,KEGG_BASAL_CELL_CARCINOMA,MODULE_9,MODULE_240,MODULE_313,,,,,,,,,,,,,,,,,,,
937,MODULE_315,MODULE_315,,,,,,,,,,,,,,,,,,,,,,
938,MODULE_316,MODULE_316,MODULE_396,,,,,,,,,,,,,,,,,,,,,
939,MODULE_317,MODULE_37,MODULE_69,MODULE_136,MODULE_179,MODULE_192,MODULE_255,MODULE_317,MODULE_334,MODULE_378,MODULE_459,MODULE_532,TGFB_UP.V1_DN,,,,,,,,,,,
940,MODULE_318,MODULE_318,,,,,,,,,,,,,,,,,,,,,,
941,MODULE_320,MODULE_320,,,,,,,,,,,,,,,,,,,,,,
942,MODULE_321,MODULE_47,MODULE_321,,,,,,,,,,,,,,,,,,,,,
943,MODULE_322,MODULE_322,,,,,,,,,,,,,,,,,,,,,,
944,MODULE_323,MODULE_323,,,,,,,,,,,,,,,,,,,,,,
945,MODULE_324,MODULE_164,MODULE_324,,,,,,,,,,,,,,,,,,,,,
946,MODULE_325,MODULE_325,,,,,,,,,,,,,,,,,,,,,,
947,MODULE_326,MODULE_326,,,,,,,,,,,,,,,,,,,,,,
948,MODULE_327,MODULE_327,,,,,,,,,,,,,,,,,,,,,,
949,MODULE_328,MORF_MAP3K14,MODULE_113,MODULE_328,IL15_UP.V1_DN,,,,,,,,,,,,,,,,,,,
950,MODULE_329,MODULE_329,MODULE_387,MODULE_512,,,,,,,,,,,,,,,,,,,,
951,MODULE_330,GNF2_RAD23A,MODULE_330,,,,,,,,,,,,,,,,,,,,,
952,MODULE_331,MODULE_331,,,,,,,,,,,,,,,,,,,,,,
953,MODULE_332,GCM_CHUK,MODULE_332,,,,,,,,,,,,,,,,,,,,,
954,MODULE_333,GNF2_RAD23A,MODULE_333,,,,,,,,,,,,,,,,,,,,,
955,MODULE_334,MODULE_37,MODULE_69,MODULE_136,MODULE_179,MODULE_192,MODULE_255,MODULE_279,MODULE_317,MODULE_334,MODULE_378,MODULE_459,MODULE_532,,,,,,,,,,,
956,MODULE_335,MODULE_335,,,,,,,,,,,,,,,,,,,,,,
957,MODULE_337,MODULE_337,,,,,,,,,,,,,,,,,,,,,,
958,MODULE_340,MODULE_340,,,,,,,,,,,,,,,,,,,,,,
959,MODULE_341,MODULE_236,MODULE_341,MODULE_411,MODULE_448,,,,,,,,,,,,,,,,,,,
960,MODULE_342,MODULE_88,MODULE_342,,,,,,,,,,,,,,,,,,,,,
961,MODULE_343,MODULE_343,,,,,,,,,,,,,,,,,,,,,,
962,MODULE_345,MODULE_292,MODULE_345,MODULE_436,,,,,,,,,,,,,,,,,,,,
963,MODULE_346,MODULE_346,MODULE_408,,,,,,,,,,,,,,,,,,,,,
964,MODULE_349,MODULE_349,,,,,,,,,,,,,,,,,,,,,,
965,MODULE_350,MODULE_350,,,,,,,,,,,,,,,,,,,,,,
966,MODULE_352,MODULE_352,,,,,,,,,,,,,,,,,,,,,,
967,MODULE_354,MODULE_354,,,,,,,,,,,,,,,,,,,,,,
968,MODULE_355,MODULE_355,,,,,,,,,,,,,,,,,,,,,,
969,MODULE_356,MODULE_147,MODULE_195,MODULE_356,,,,,,,,,,,,,,,,,,,,
970,MODULE_357,MODULE_154,MODULE_297,MODULE_357,,,,,,,,,,,,,,,,,,,,
971,MODULE_358,MODULE_97,MODULE_261,MODULE_358,MODULE_525,,,,,,,,,,,,,,,,,,,
972,MODULE_360,MODULE_360,,,,,,,,,,,,,,,,,,,,,,
973,MODULE_361,MORF_IL9,MODULE_145,MODULE_188,MODULE_301,MODULE_361,,,,,,,,,,,,,,,,,,
974,MODULE_362,MODULE_362,,,,,,,,,,,,,,,,,,,,,,
975,MODULE_363,MODULE_363,TBK1.DN.48HRS_DN,,,,,,,,,,,,,,,,,,,,,
976,MODULE_366,GNF2_TTN,MODULE_366,,,,,,,,,,,,,,,,,,,,,
977,MODULE_367,MODULE_367,,,,,,,,,,,,,,,,,,,,,,
978,MODULE_368,MODULE_368,,,,,,,,,,,,,,,,,,,,,,
979,MODULE_371,MODULE_371,,,,,,,,,,,,,,,,,,,,,,
980,MODULE_372,MODULE_372,,,,,,,,,,,,,,,,,,,,,,
981,MODULE_373,MODULE_373,,,,,,,,,,,,,,,,,,,,,,
982,MODULE_375,MODULE_146,MODULE_289,MODULE_375,,,,,,,,,,,,,,,,,,,,
983,MODULE_377,MODULE_377,,,,,,,,,,,,,,,,,,,,,,
984,MODULE_378,MORF_MYL3,MODULE_37,MODULE_69,MODULE_136,MODULE_179,MODULE_192,MODULE_255,MODULE_317,MODULE_334,MODULE_378,MODULE_459,MODULE_532,TGFB_UP.V1_DN,,,,,,,,,,
985,MODULE_379,MODULE_104,MODULE_181,MODULE_242,MODULE_379,,,,,,,,,,,,,,,,,,,
986,MODULE_381,MODULE_381,,,,,,,,,,,,,,,,,,,,,,
987,MODULE_382,MODULE_382,,,,,,,,,,,,,,,,,,,,,,
988,MODULE_385,MODULE_385,,,,,,,,,,,,,,,,,,,,,,
989,MODULE_387,MODULE_329,MODULE_387,MODULE_512,,,,,,,,,,,,,,,,,,,,
990,MODULE_388,MODULE_388,,,,,,,,,,,,,,,,,,,,,,
991,MODULE_389,MODULE_207,MODULE_389,,,,,,,,,,,,,,,,,,,,,
992,MODULE_392,MODULE_392,,,,,,,,,,,,,,,,,,,,,,
993,MODULE_395,MODULE_395,,,,,,,,,,,,,,,,,,,,,,
994,MODULE_396,MODULE_316,MODULE_396,,,,,,,,,,,,,,,,,,,,,
995,MODULE_397,MODULE_397,,,,,,,,,,,,,,,,,,,,,,
996,MODULE_399,MODULE_399,,,,,,,,,,,,,,,,,,,,,,
997,MODULE_400,MODULE_400,,,,,,,,,,,,,,,,,,,,,,
998,MODULE_401,MODULE_401,,,,,,,,,,,,,,,,,,,,,,
999,MODULE_402,MODULE_402,,,,,,,,,,,,,,,,,,,,,,
1000,MODULE_403,MODULE_54,MODULE_57,MODULE_403,,,,,,,,,,,,,,,,,,,,
1001,MODULE_404,MODULE_404,MODULE_489,,,,,,,,,,,,,,,,,,,,,
1002,MODULE_407,MODULE_407,,,,,,,,,,,,,,,,,,,,,,
1003,MODULE_408,MODULE_346,MODULE_408,,,,,,,,,,,,,,,,,,,,,
1004,MODULE_410,MODULE_410,,,,,,,,,,,,,,,,,,,,,,
1005,MODULE_411,MODULE_236,MODULE_341,MODULE_411,,,,,,,,,,,,,,,,,,,,
1006,MODULE_412,MODULE_412,,,,,,,,,,,,,,,,,,,,,,
1007,MODULE_414,MODULE_414,,,,,,,,,,,,,,,,,,,,,,
1008,MODULE_415,MODULE_415,,,,,,,,,,,,,,,,,,,,,,
1009,MODULE_416,MODULE_416,,,,,,,,,,,,,,,,,,,,,,
1010,MODULE_417,MODULE_417,,,,,,,,,,,,,,,,,,,,,,
1011,MODULE_418,MODULE_418,MODULE_455,ALK_DN.V1_UP,PTEN_DN.V1_UP,,,,,,,,,,,,,,,,,,,
1012,MODULE_419,MODULE_419,MODULE_524,EGFR_UP.V1_UP,,,,,,,,,,,,,,,,,,,,
1013,MODULE_421,MODULE_421,,,,,,,,,,,,,,,,,,,,,,
1014,MODULE_424,GNF2_FOS,MODULE_424,,,,,,,,,,,,,,,,,,,,,
1015,MODULE_426,MODULE_426,,,,,,,,,,,,,,,,,,,,,,
1016,MODULE_427,MODULE_427,MODULE_480,,,,,,,,,,,,,,,,,,,,,
1017,MODULE_429,MODULE_429,,,,,,,,,,,,,,,,,,,,,,
1018,MODULE_430,MODULE_430,,,,,,,,,,,,,,,,,,,,,,
1019,MODULE_431,MODULE_6,MODULE_431,,,,,,,,,,,,,,,,,,,,,
1020,MODULE_432,MODULE_432,,,,,,,,,,,,,,,,,,,,,,
1021,MODULE_433,MODULE_433,,,,,,,,,,,,,,,,,,,,,,
1022,MODULE_436,MORF_PTPRR,MODULE_208,MODULE_292,MODULE_345,MODULE_436,,,,,,,,,,,,,,,,,,
1023,MODULE_438,MODULE_438,,,,,,,,,,,,,,,,,,,,,,
1024,MODULE_439,MODULE_439,,,,,,,,,,,,,,,,,,,,,,
1025,MODULE_440,KEGG_ETHER_LIPID_METABOLISM,MODULE_440,,,,,,,,,,,,,,,,,,,,,
1026,MODULE_444,MODULE_14,MODULE_178,MODULE_444,,,,,,,,,,,,,,,,,,,,
1027,MODULE_445,MODULE_5,MODULE_445,,,,,,,,,,,,,,,,,,,,,
1028,MODULE_447,MODULE_447,,,,,,,,,,,,,,,,,,,,,,
1029,MODULE_448,MODULE_341,MODULE_448,,,,,,,,,,,,,,,,,,,,,
1030,MODULE_451,MODULE_54,MODULE_451,,,,,,,,,,,,,,,,,,,,,
1031,MODULE_453,MODULE_453,,,,,,,,,,,,,,,,,,,,,,
1032,MODULE_454,MODULE_454,,,,,,,,,,,,,,,,,,,,,,
1033,MODULE_455,MODULE_418,MODULE_455,CTIP_DN.V1_UP,ALK_DN.V1_UP,,,,,,,,,,,,,,,,,,,
1034,MODULE_456,MORF_CDK2,MODULE_456,,,,,,,,,,,,,,,,,,,,,
1035,MODULE_457,MODULE_457,,,,,,,,,,,,,,,,,,,,,,
1036,MODULE_458,MODULE_458,,,,,,,,,,,,,,,,,,,,,,
1037,MODULE_459,MODULE_37,MODULE_69,MODULE_136,MODULE_179,MODULE_192,MODULE_255,MODULE_317,MODULE_334,MODULE_378,MODULE_459,MODULE_532,TGFB_UP.V1_DN,,,,,,,,,,,
1038,MODULE_462,MODULE_462,,,,,,,,,,,,,,,,,,,,,,
1039,MODULE_464,MODULE_194,MODULE_464,,,,,,,,,,,,,,,,,,,,,
1040,MODULE_465,MODULE_465,,,,,,,,,,,,,,,,,,,,,,
1041,MODULE_470,MODULE_470,,,,,,,,,,,,,,,,,,,,,,
1042,MODULE_471,MODULE_471,,,,,,,,,,,,,,,,,,,,,,
1043,MODULE_474,MODULE_190,MODULE_474,,,,,,,,,,,,,,,,,,,,,
1044,MODULE_478,MODULE_478,,,,,,,,,,,,,,,,,,,,,,
1045,MODULE_480,KEGG_VEGF_SIGNALING_PATHWAY,MODULE_427,MODULE_480,,,,,,,,,,,,,,,,,,,,
1046,MODULE_481,KEGG_HYPERTROPHIC_CARDIOMYOPATHY_HCM,MODULE_481,MODULE_544,,,,,,,,,,,,,,,,,,,,
1047,MODULE_484,MODULE_484,,,,,,,,,,,,,,,,,,,,,,
1048,MODULE_485,MODULE_485,,,,,,,,,,,,,,,,,,,,,,
1049,MODULE_486,MODULE_486,,,,,,,,,,,,,,,,,,,,,,
1050,MODULE_488,MODULE_488,,,,,,,,,,,,,,,,,,,,,,
1051,MODULE_489,MODULE_404,MODULE_489,,,,,,,,,,,,,,,,,,,,,
1052,MODULE_491,MODULE_491,MODULE_568,,,,,,,,,,,,,,,,,,,,,
1053,MODULE_492,MODULE_492,,,,,,,,,,,,,,,,,,,,,,
1054,MODULE_493,MORF_PPP5C,MODULE_493,,,,,,,,,,,,,,,,,,,,,
1055,MODULE_495,MODULE_495,,,,,,,,,,,,,,,,,,,,,,
1056,MODULE_497,MODULE_497,KRAS.300_UP.V1_UP,,,,,,,,,,,,,,,,,,,,,
1057,MODULE_500,MODULE_500,,,,,,,,,,,,,,,,,,,,,,
1058,MODULE_501,MODULE_501,,,,,,,,,,,,,,,,,,,,,,
1059,MODULE_503,MODULE_503,MODULE_576,,,,,,,,,,,,,,,,,,,,,
1060,MODULE_505,MODULE_505,,,,,,,,,,,,,,,,,,,,,,
1061,MODULE_509,MODULE_509,,,,,,,,,,,,,,,,,,,,,,
1062,MODULE_511,MODULE_511,,,,,,,,,,,,,,,,,,,,,,
1063,MODULE_512,MODULE_329,MODULE_387,MODULE_512,,,,,,,,,,,,,,,,,,,,
1064,MODULE_514,MODULE_514,,,,,,,,,,,,,,,,,,,,,,
1065,MODULE_516,MODULE_516,,,,,,,,,,,,,,,,,,,,,,
1066,MODULE_519,MODULE_519,,,,,,,,,,,,,,,,,,,,,,
1067,MODULE_521,MODULE_131,MODULE_521,,,,,,,,,,,,,,,,,,,,,
1068,MODULE_522,MODULE_522,,,,,,,,,,,,,,,,,,,,,,
1069,MODULE_524,MODULE_419,MODULE_524,,,,,,,,,,,,,,,,,,,,,
1070,MODULE_525,MODULE_358,MODULE_525,,,,,,,,,,,,,,,,,,,,,
1071,MODULE_528,MODULE_528,,,,,,,,,,,,,,,,,,,,,,
1072,MODULE_530,MODULE_530,,,,,,,,,,,,,,,,,,,,,,
1073,MODULE_532,MORF_MYL3,MODULE_37,MODULE_69,MODULE_136,MODULE_179,MODULE_192,MODULE_255,MODULE_317,MODULE_334,MODULE_378,MODULE_459,MODULE_532,MEK_UP.V1_DN,TGFB_UP.V1_DN,,,,,,,,,
1074,MODULE_533,MODULE_533,,,,,,,,,,,,,,,,,,,,,,
1075,MODULE_534,MODULE_534,,,,,,,,,,,,,,,,,,,,,,
1076,MODULE_537,MODULE_537,,,,,,,,,,,,,,,,,,,,,,
1077,MODULE_539,MODULE_539,,,,,,,,,,,,,,,,,,,,,,
1078,MODULE_540,MODULE_540,,,,,,,,,,,,,,,,,,,,,,
1079,MODULE_543,MODULE_543,,,,,,,,,,,,,,,,,,,,,,
1080,MODULE_544,KEGG_HYPERTROPHIC_CARDIOMYOPATHY_HCM,MODULE_481,MODULE_544,,,,,,,,,,,,,,,,,,,,
1081,MODULE_545,MODULE_545,,,,,,,,,,,,,,,,,,,,,,
1082,MODULE_547,MODULE_547,,,,,,,,,,,,,,,,,,,,,,
1083,MODULE_552,MODULE_552,,,,,,,,,,,,,,,,,,,,,,
1084,MODULE_557,MODULE_557,,,,,,,,,,,,,,,,,,,,,,
1085,MODULE_560,MODULE_560,,,,,,,,,,,,,,,,,,,,,,
1086,MODULE_562,MODULE_562,,,,,,,,,,,,,,,,,,,,,,
1087,MODULE_563,GCM_MAPK10,MODULE_563,,,,,,,,,,,,,,,,,,,,,
1088,MODULE_567,MODULE_567,,,,,,,,,,,,,,,,,,,,,,
1089,MODULE_568,MODULE_491,MODULE_568,,,,,,,,,,,,,,,,,,,,,
1090,MODULE_571,MODULE_571,,,,,,,,,,,,,,,,,,,,,,
1091,MODULE_573,MODULE_573,,,,,,,,,,,,,,,,,,,,,,
1092,MODULE_575,MODULE_575,,,,,,,,,,,,,,,,,,,,,,
1093,MODULE_576,MODULE_503,MODULE_576,,,,,,,,,,,,,,,,,,,,,
1094,GLI1_UP.V1_DN,KEGG_TYROSINE_METABOLISM,GLI1_UP.V1_DN,,,,,,,,,,,,,,,,,,,,,
1095,GLI1_UP.V1_UP,HALLMARK_MTORC1_SIGNALING,GLI1_UP.V1_UP,,,,,,,,,,,,,,,,,,,,,
1096,E2F1_UP.V1_DN,KEGG_CHEMOKINE_SIGNALING_PATHWAY,KEGG_FC_GAMMA_R_MEDIATED_PHAGOCYTOSIS,E2F1_UP.V1_DN,,,,,,,,,,,,,,,,,,,,
1097,E2F1_UP.V1_UP,E2F1_UP.V1_UP,,,,,,,,,,,,,,,,,,,,,,
1098,EGFR_UP.V1_DN,MODULE_67,EGFR_UP.V1_DN,,,,,,,,,,,,,,,,,,,,,
1099,EGFR_UP.V1_UP,MODULE_419,EGFR_UP.V1_UP,,,,,,,,,,,,,,,,,,,,,
1100,ERB2_UP.V1_DN,ERB2_UP.V1_DN,,,,,,,,,,,,,,,,,,,,,,
1101,ERB2_UP.V1_UP,HALLMARK_ESTROGEN_RESPONSE_LATE,ERB2_UP.V1_UP,,,,,,,,,,,,,,,,,,,,,
1102,GCNP_SHH_UP_EARLY.V1_DN,GCNP_SHH_UP_EARLY.V1_DN,,,,,,,,,,,,,,,,,,,,,,
1103,GCNP_SHH_UP_EARLY.V1_UP,GCNP_SHH_UP_EARLY.V1_UP,,,,,,,,,,,,,,,,,,,,,,
1104,GCNP_SHH_UP_LATE.V1_DN,MODULE_291,GCNP_SHH_UP_LATE.V1_DN,IL15_UP.V1_UP,,,,,,,,,,,,,,,,,,,,
1105,GCNP_SHH_UP_LATE.V1_UP,MODULE_278,GCNP_SHH_UP_LATE.V1_UP,,,,,,,,,,,,,,,,,,,,,
1106,RAPA_EARLY_UP.V1_DN,GNF2_RAD23A,RAPA_EARLY_UP.V1_DN,,,,,,,,,,,,,,,,,,,,,
1107,RAPA_EARLY_UP.V1_UP,MODULE_94,RAPA_EARLY_UP.V1_UP,PIGF_UP.V1_DN,,,,,,,,,,,,,,,,,,,,
1108,HINATA_NFKB_IMMU_INF,KEGG_AUTOIMMUNE_THYROID_DISEASE,GNF2_RAB7L1,HINATA_NFKB_IMMU_INF,,,,,,,,,,,,,,,,,,,,
1109,HINATA_NFKB_MATRIX,HINATA_NFKB_MATRIX,,,,,,,,,,,,,,,,,,,,,,
1110,CYCLIN_D1_KE_.V1_DN,CYCLIN_D1_KE_.V1_DN,,,,,,,,,,,,,,,,,,,,,,
1111,CYCLIN_D1_KE_.V1_UP,CYCLIN_D1_KE_.V1_UP,,,,,,,,,,,,,,,,,,,,,,
1112,CYCLIN_D1_UP.V1_DN,CYCLIN_D1_UP.V1_DN,,,,,,,,,,,,,,,,,,,,,,
1113,CYCLIN_D1_UP.V1_UP,CYCLIN_D1_UP.V1_UP,,,,,,,,,,,,,,,,,,,,,,
1114,CSR_EARLY_UP.V1_DN,CSR_EARLY_UP.V1_DN,,,,,,,,,,,,,,,,,,,,,,
1115,CSR_EARLY_UP.V1_UP,CSR_EARLY_UP.V1_UP,,,,,,,,,,,,,,,,,,,,,,
1116,CSR_LATE_UP.V1_DN,MODULE_12,CSR_LATE_UP.V1_DN,,,,,,,,,,,,,,,,,,,,,
1117,CSR_LATE_UP.V1_UP,CSR_LATE_UP.V1_UP,,,,,,,,,,,,,,,,,,,,,,
1118,AKT_UP_MTOR_DN.V1_DN,GCM_RING1,AKT_UP_MTOR_DN.V1_DN,,,,,,,,,,,,,,,,,,,,,
1119,AKT_UP_MTOR_DN.V1_UP,MODULE_94,AKT_UP_MTOR_DN.V1_UP,,,,,,,,,,,,,,,,,,,,,
1120,AKT_UP.V1_DN,AKT_UP.V1_DN,MTOR_UP.V1_DN,,,,,,,,,,,,,,,,,,,,,
1121,AKT_UP.V1_UP,GCM_LTK,MODULE_153,AKT_UP.V1_UP,,,,,,,,,,,,,,,,,,,,
1122,MTOR_UP.V1_DN,AKT_UP.V1_DN,MTOR_UP.V1_DN,,,,,,,,,,,,,,,,,,,,,
1123,MTOR_UP.V1_UP,MTOR_UP.V1_UP,,,,,,,,,,,,,,,,,,,,,,
1124,PIGF_UP.V1_DN,MODULE_181,RAPA_EARLY_UP.V1_UP,PIGF_UP.V1_DN,,,,,,,,,,,,,,,,,,,,
1125,PIGF_UP.V1_UP,PIGF_UP.V1_UP,,,,,,,,,,,,,,,,,,,,,,
1126,VEGF_A_UP.V1_DN,MODULE_277,VEGF_A_UP.V1_DN,,,,,,,,,,,,,,,,,,,,,
1127,VEGF_A_UP.V1_UP,VEGF_A_UP.V1_UP,,,,,,,,,,,,,,,,,,,,,,
1128,BCAT_GDS748_DN,BCAT_GDS748_DN,,,,,,,,,,,,,,,,,,,,,,
1129,BCAT_GDS748_UP,MODULE_220,BCAT_GDS748_UP,SNF5_DN.V1_DN,,,,,,,,,,,,,,,,,,,,
1130,BCAT.100_UP.V1_DN,BCAT.100_UP.V1_DN,PRC2_SUZ12_UP.V1_UP,,,,,,,,,,,,,,,,,,,,,
1131,BCAT.100_UP.V1_UP,BCAT.100_UP.V1_UP,,,,,,,,,,,,,,,,,,,,,,
1132,ATF2_S_UP.V1_DN,HALLMARK_COAGULATION,ATF2_S_UP.V1_DN,,,,,,,,,,,,,,,,,,,,,
1133,ATF2_S_UP.V1_UP,MODULE_163,ATF2_S_UP.V1_UP,,,,,,,,,,,,,,,,,,,,,
1134,ATF2_UP.V1_DN,HALLMARK_IL2_STAT5_SIGNALING,ATF2_UP.V1_DN,,,,,,,,,,,,,,,,,,,,,
1135,ATF2_UP.V1_UP,MORF_STK17A,ATF2_UP.V1_UP,,,,,,,,,,,,,,,,,,,,,
1136,WNT_UP.V1_DN,WNT_UP.V1_DN,,,,,,,,,,,,,,,,,,,,,,
1137,WNT_UP.V1_UP,MODULE_13,WNT_UP.V1_UP,,,,,,,,,,,,,,,,,,,,,
1138,ATM_DN.V1_DN,MORF_MT4,ATM_DN.V1_DN,,,,,,,,,,,,,,,,,,,,,
1139,ATM_DN.V1_UP,ATM_DN.V1_UP,KRAS.AMP.LUNG_UP.V1_DN,KRAS.300_UP.V1_DN,,,,,,,,,,,,,,,,,,,,
1140,P53_DN.V2_DN,MODULE_117,P53_DN.V2_DN,ALK_DN.V1_UP,,,,,,,,,,,,,,,,,,,,
1141,P53_DN.V2_UP,P53_DN.V2_UP,,,,,,,,,,,,,,,,,,,,,,
1142,RELA_DN.V1_DN,RELA_DN.V1_DN,RELA_DN.V1_UP,MYC_UP.V1_DN,KRAS.600.LUNG.BREAST_UP.V1_UP,,,,,,,,,,,,,,,,,,,
1143,RELA_DN.V1_UP,RELA_DN.V1_DN,RELA_DN.V1_UP,JAK2_DN.V1_UP,,,,,,,,,,,,,,,,,,,,
1144,P53_DN.V1_DN,P53_DN.V1_DN,,,,,,,,,,,,,,,,,,,,,,
1145,P53_DN.V1_UP,P53_DN.V1_UP,,,,,,,,,,,,,,,,,,,,,,
1146,BCAT_BILD_ET_AL_DN,BCAT_BILD_ET_AL_DN,,,,,,,,,,,,,,,,,,,,,,
1147,BCAT_BILD_ET_AL_UP,BCAT_BILD_ET_AL_UP,,,,,,,,,,,,,,,,,,,,,,
1148,E2F3_UP.V1_DN,E2F3_UP.V1_DN,,,,,,,,,,,,,,,,,,,,,,
1149,E2F3_UP.V1_UP,KEGG_WNT_SIGNALING_PATHWAY,E2F3_UP.V1_UP,,,,,,,,,,,,,,,,,,,,,
1150,MYC_UP.V1_DN,RELA_DN.V1_DN,MYC_UP.V1_DN,,,,,,,,,,,,,,,,,,,,,
1151,MYC_UP.V1_UP,MYC_UP.V1_UP,,,,,,,,,,,,,,,,,,,,,,
1152,SRC_UP.V1_DN,GCM_HBP1,CAR_HPX,SRC_UP.V1_DN,,,,,,,,,,,,,,,,,,,,
1153,SRC_UP.V1_UP,SRC_UP.V1_UP,,,,,,,,,,,,,,,,,,,,,,
1154,SNF5_DN.V1_DN,MODULE_220,BCAT_GDS748_UP,SNF5_DN.V1_DN,,,,,,,,,,,,,,,,,,,,
1155,SNF5_DN.V1_UP,SNF5_DN.V1_UP,,,,,,,,,,,,,,,,,,,,,,
1156,CAMP_UP.V1_DN,CAMP_UP.V1_DN,,,,,,,,,,,,,,,,,,,,,,
1157,CAMP_UP.V1_UP,CAMP_UP.V1_UP,,,,,,,,,,,,,,,,,,,,,,
1158,LTE2_UP.V1_DN,LTE2_UP.V1_DN,STK33_NOMO_UP,,,,,,,,,,,,,,,,,,,,,
1159,LTE2_UP.V1_UP,LTE2_UP.V1_UP,,,,,,,,,,,,,,,,,,,,,,
1160,MEK_UP.V1_DN,MODULE_532,MEK_UP.V1_DN,,,,,,,,,,,,,,,,,,,,,
1161,MEK_UP.V1_UP,MEK_UP.V1_UP,,,,,,,,,,,,,,,,,,,,,,
1162,RAF_UP.V1_DN,KEGG_DORSO_VENTRAL_AXIS_FORMATION,RAF_UP.V1_DN,,,,,,,,,,,,,,,,,,,,,
1163,RAF_UP.V1_UP,RAF_UP.V1_UP,,,,,,,,,,,,,,,,,,,,,,
1164,PRC1_BMI_UP.V1_DN,PRC1_BMI_UP.V1_DN,,,,,,,,,,,,,,,,,,,,,,
1165,PRC1_BMI_UP.V1_UP,PRC1_BMI_UP.V1_UP,,,,,,,,,,,,,,,,,,,,,,
1166,PRC2_EED_UP.V1_DN,MORF_ERCC2,PRC2_EED_UP.V1_DN,,,,,,,,,,,,,,,,,,,,,
1167,PRC2_EED_UP.V1_UP,MORF_ESR1,MODULE_156,PRC2_EED_UP.V1_UP,,,,,,,,,,,,,,,,,,,,
1168,PRC2_EZH2_UP.V1_DN,GCM_FANCC,PRC2_EZH2_UP.V1_DN,,,,,,,,,,,,,,,,,,,,,
1169,PRC2_EZH2_UP.V1_UP,MODULE_75,PRC2_EZH2_UP.V1_UP,,,,,,,,,,,,,,,,,,,,,
1170,PRC2_SUZ12_UP.V1_DN,MORF_FLT1,MORF_WNT1,PRC2_SUZ12_UP.V1_DN,,,,,,,,,,,,,,,,,,,,
1171,PRC2_SUZ12_UP.V1_UP,BCAT.100_UP.V1_DN,PRC2_SUZ12_UP.V1_UP,CTIP_DN.V1_UP,KRAS.600.LUNG.BREAST_UP.V1_DN,KRAS.PROSTATE_UP.V1_UP,,,,,,,,,,,,,,,,,,
1172,JNK_DN.V1_DN,JNK_DN.V1_DN,,,,,,,,,,,,,,,,,,,,,,
1173,JNK_DN.V1_UP,MORF_CASP10,JNK_DN.V1_UP,,,,,,,,,,,,,,,,,,,,,
1174,BRCA1_DN.V1_DN,BRCA1_DN.V1_DN,NRL_DN.V1_UP,,,,,,,,,,,,,,,,,,,,,
1175,BRCA1_DN.V1_UP,BRCA1_DN.V1_UP,IL15_UP.V1_DN,,,,,,,,,,,,,,,,,,,,,
1176,CTIP_DN.V1_DN,MORF_TNFRSF25,MODULE_145,CTIP_DN.V1_DN,,,,,,,,,,,,,,,,,,,,
1177,CTIP_DN.V1_UP,MODULE_455,PRC2_SUZ12_UP.V1_UP,CTIP_DN.V1_UP,ALK_DN.V1_UP,KRAS.600.LUNG.BREAST_UP.V1_DN,,,,,,,,,,,,,,,,,,
1178,PKCA_DN.V1_DN,PKCA_DN.V1_DN,,,,,,,,,,,,,,,,,,,,,,
1179,PKCA_DN.V1_UP,MODULE_180,PKCA_DN.V1_UP,,,,,,,,,,,,,,,,,,,,,
1180,MTOR_UP.N4.V1_DN,MODULE_36,MTOR_UP.N4.V1_DN,,,,,,,,,,,,,,,,,,,,,
1181,MTOR_UP.N4.V1_UP,MTOR_UP.N4.V1_UP,,,,,,,,,,,,,,,,,,,,,,
1182,PTEN_DN.V2_DN,PTEN_DN.V2_DN,,,,,,,,,,,,,,,,,,,,,,
1183,PTEN_DN.V2_UP,PTEN_DN.V2_UP,,,,,,,,,,,,,,,,,,,,,,
1184,DCA_UP.V1_DN,MORF_FDXR,DCA_UP.V1_DN,,,,,,,,,,,,,,,,,,,,,
1185,DCA_UP.V1_UP,MORF_MYC,MORF_FLT1,DCA_UP.V1_UP,,,,,,,,,,,,,,,,,,,,
1186,ESC_J1_UP_EARLY.V1_DN,ESC_J1_UP_EARLY.V1_DN,,,,,,,,,,,,,,,,,,,,,,
1187,ESC_J1_UP_EARLY.V1_UP,ESC_J1_UP_EARLY.V1_UP,,,,,,,,,,,,,,,,,,,,,,
1188,ESC_J1_UP_LATE.V1_DN,MODULE_256,ESC_J1_UP_LATE.V1_DN,,,,,,,,,,,,,,,,,,,,,
1189,ESC_J1_UP_LATE.V1_UP,ESC_J1_UP_LATE.V1_UP,,,,,,,,,,,,,,,,,,,,,,
1190,ESC_V6.5_UP_EARLY.V1_DN,ESC_V6.5_UP_EARLY.V1_DN,,,,,,,,,,,,,,,,,,,,,,
1191,ESC_V6.5_UP_EARLY.V1_UP,ESC_V6.5_UP_EARLY.V1_UP,,,,,,,,,,,,,,,,,,,,,,
1192,ESC_V6.5_UP_LATE.V1_DN,ESC_V6.5_UP_LATE.V1_DN,,,,,,,,,,,,,,,,,,,,,,
1193,ESC_V6.5_UP_LATE.V1_UP,HALLMARK_MTORC1_SIGNALING,ESC_V6.5_UP_LATE.V1_UP,,,,,,,,,,,,,,,,,,,,,
1194,ALK_DN.V1_DN,ALK_DN.V1_DN,,,,,,,,,,,,,,,,,,,,,,
1195,ALK_DN.V1_UP,MODULE_418,MODULE_455,P53_DN.V2_DN,CTIP_DN.V1_UP,ALK_DN.V1_UP,,,,,,,,,,,,,,,,,,
1196,BMI1_DN_MEL18_DN.V1_DN,BMI1_DN_MEL18_DN.V1_DN,LEF1_UP.V1_DN,,,,,,,,,,,,,,,,,,,,,
1197,BMI1_DN_MEL18_DN.V1_UP,BMI1_DN_MEL18_DN.V1_UP,,,,,,,,,,,,,,,,,,,,,,
1198,BMI1_DN.V1_DN,BMI1_DN.V1_DN,,,,,,,,,,,,,,,,,,,,,,
1199,BMI1_DN.V1_UP,BMI1_DN.V1_UP,MEL18_DN.V1_UP,,,,,,,,,,,,,,,,,,,,,
1200,MEL18_DN.V1_DN,MEL18_DN.V1_DN,,,,,,,,,,,,,,,,,,,,,,
1201,MEL18_DN.V1_UP,BMI1_DN.V1_UP,MEL18_DN.V1_UP,,,,,,,,,,,,,,,,,,,,,
1202,PTEN_DN.V1_DN,PTEN_DN.V1_DN,IL21_UP.V1_DN,KRAS.600_UP.V1_UP,,,,,,,,,,,,,,,,,,,,
1203,PTEN_DN.V1_UP,MODULE_418,PTEN_DN.V1_UP,KRAS.600.LUNG.BREAST_UP.V1_DN,KRAS.LUNG.BREAST_UP.V1_DN,,,,,,,,,,,,,,,,,,,
1204,NOTCH_DN.V1_DN,NOTCH_DN.V1_DN,,,,,,,,,,,,,,,,,,,,,,
1205,NOTCH_DN.V1_UP,NOTCH_DN.V1_UP,IL21_UP.V1_DN,KRAS.600_UP.V1_UP,,,,,,,,,,,,,,,,,,,,
1206,EIF4E_DN,EIF4E_DN,,,,,,,,,,,,,,,,,,,,,,
1207,EIF4E_UP,EIF4E_UP,,,,,,,,,,,,,,,,,,,,,,
1208,CRX_DN.V1_DN,CRX_DN.V1_DN,IL15_UP.V1_UP,IL2_UP.V1_UP,,,,,,,,,,,,,,,,,,,,
1209,CRX_DN.V1_UP,CRX_DN.V1_UP,CRX_NRL_DN.V1_UP,,,,,,,,,,,,,,,,,,,,,
1210,CRX_NRL_DN.V1_DN,CRX_NRL_DN.V1_DN,,,,,,,,,,,,,,,,,,,,,,
1211,CRX_NRL_DN.V1_UP,CRX_DN.V1_UP,CRX_NRL_DN.V1_UP,,,,,,,,,,,,,,,,,,,,,
1212,NRL_DN.V1_DN,NRL_DN.V1_DN,KRAS.DF.V1_UP,,,,,,,,,,,,,,,,,,,,,
1213,NRL_DN.V1_UP,BRCA1_DN.V1_DN,NRL_DN.V1_UP,,,,,,,,,,,,,,,,,,,,,
1214,RB_DN.V1_DN,RB_DN.V1_DN,,,,,,,,,,,,,,,,,,,,,,
1215,RB_DN.V1_UP,RB_DN.V1_UP,,,,,,,,,,,,,,,,,,,,,,
1216,RB_P107_DN.V1_DN,RB_P107_DN.V1_DN,,,,,,,,,,,,,,,,,,,,,,
1217,RB_P107_DN.V1_UP,RB_P107_DN.V1_UP,,,,,,,,,,,,,,,,,,,,,,
1218,RB_P130_DN.V1_DN,RB_P130_DN.V1_DN,,,,,,,,,,,,,,,,,,,,,,
1219,RB_P130_DN.V1_UP,RB_P130_DN.V1_UP,,,,,,,,,,,,,,,,,,,,,,
1220,CAHOY_ASTROCYTIC,CAHOY_ASTROCYTIC,,,,,,,,,,,,,,,,,,,,,,
1221,CAHOY_ASTROGLIAL,CAHOY_ASTROGLIAL,,,,,,,,,,,,,,,,,,,,,,
1222,CAHOY_NEURONAL,CAHOY_NEURONAL,,,,,,,,,,,,,,,,,,,,,,
1223,CAHOY_OLIGODENDROCUTIC,CAHOY_OLIGODENDROCUTIC,,,,,,,,,,,,,,,,,,,,,,
1224,RPS14_DN.V1_DN,RPS14_DN.V1_DN,,,,,,,,,,,,,,,,,,,,,,
1225,RPS14_DN.V1_UP,KEGG_COMPLEMENT_AND_COAGULATION_CASCADES,RPS14_DN.V1_UP,,,,,,,,,,,,,,,,,,,,,
1226,IL15_UP.V1_DN,MODULE_99,MODULE_328,BRCA1_DN.V1_UP,IL15_UP.V1_DN,IL2_UP.V1_DN,,,,,,,,,,,,,,,,,,
1227,IL15_UP.V1_UP,GCNP_SHH_UP_LATE.V1_DN,CRX_DN.V1_DN,IL15_UP.V1_UP,,,,,,,,,,,,,,,,,,,,
1228,IL2_UP.V1_DN,IL15_UP.V1_DN,IL2_UP.V1_DN,,,,,,,,,,,,,,,,,,,,,
1229,IL2_UP.V1_UP,CRX_DN.V1_DN,IL2_UP.V1_UP,,,,,,,,,,,,,,,,,,,,,
1230,IL21_UP.V1_DN,HALLMARK_KRAS_SIGNALING_DN,PTEN_DN.V1_DN,NOTCH_DN.V1_UP,IL21_UP.V1_DN,KRAS.600_UP.V1_UP,KRAS.BREAST_UP.V1_DN,,,,,,,,,,,,,,,,,
1231,IL21_UP.V1_UP,HALLMARK_ESTROGEN_RESPONSE_LATE,IL21_UP.V1_UP,KRAS.600_UP.V1_DN,,,,,,,,,,,,,,,,,,,,
1232,PDGF_ERK_DN.V1_DN,MODULE_256,PDGF_ERK_DN.V1_DN,,,,,,,,,,,,,,,,,,,,,
1233,PDGF_ERK_DN.V1_UP,PDGF_ERK_DN.V1_UP,,,,,,,,,,,,,,,,,,,,,,
1234,PDGF_UP.V1_DN,MODULE_186,PDGF_UP.V1_DN,,,,,,,,,,,,,,,,,,,,,
1235,PDGF_UP.V1_UP,MORF_MT4,MORF_RBBP8,PDGF_UP.V1_UP,,,,,,,,,,,,,,,,,,,,
1236,TGFB_UP.V1_DN,MORF_TFDP2,MODULE_37,MODULE_69,MODULE_136,MODULE_179,MODULE_237,MODULE_255,MODULE_317,MODULE_378,MODULE_459,MODULE_532,TGFB_UP.V1_DN,,,,,,,,,,,
1237,TGFB_UP.V1_UP,TGFB_UP.V1_UP,,,,,,,,,,,,,,,,,,,,,,
1238,YAP1_DN,MORF_ESR1,MORF_IL13,YAP1_DN,,,,,,,,,,,,,,,,,,,,
1239,YAP1_UP,YAP1_UP,,,,,,,,,,,,,,,,,,,,,,
1240,SIRNA_EIF4GI_DN,SIRNA_EIF4GI_DN,,,,,,,,,,,,,,,,,,,,,,
1241,SIRNA_EIF4GI_UP,SIRNA_EIF4GI_UP,,,,,,,,,,,,,,,,,,,,,,
1242,HOXA9_DN.V1_DN,KEGG_PANCREATIC_CANCER,HOXA9_DN.V1_DN,,,,,,,,,,,,,,,,,,,,,
1243,HOXA9_DN.V1_UP,HOXA9_DN.V1_UP,,,,,,,,,,,,,,,,,,,,,,
1244,SINGH_KRAS_DEPENDENCY_SIGNATURE_,SINGH_KRAS_DEPENDENCY_SIGNATURE_,,,,,,,,,,,,,,,,,,,,,,
1245,STK33_DN,MODULE_113,STK33_DN,STK33_NOMO_DN,STK33_SKM_DN,NFE2L2.V2,,,,,,,,,,,,,,,,,,
1246,STK33_NOMO_DN,STK33_DN,STK33_NOMO_DN,STK33_SKM_DN,,,,,,,,,,,,,,,,,,,,
1247,STK33_NOMO_UP,LTE2_UP.V1_DN,STK33_NOMO_UP,STK33_UP,,,,,,,,,,,,,,,,,,,,
1248,STK33_SKM_DN,STK33_DN,STK33_NOMO_DN,STK33_SKM_DN,NFE2L2.V2,,,,,,,,,,,,,,,,,,,
1249,STK33_SKM_UP,STK33_SKM_UP,,,,,,,,,,,,,,,,,,,,,,
1250,STK33_UP,STK33_NOMO_UP,STK33_UP,,,,,,,,,,,,,,,,,,,,,
1251,KRAS.AMP.LUNG_UP.V1_DN,KEGG_GLYCEROPHOSPHOLIPID_METABOLISM,MODULE_213,ATM_DN.V1_UP,KRAS.AMP.LUNG_UP.V1_DN,,,,,,,,,,,,,,,,,,,
1252,KRAS.AMP.LUNG_UP.V1_UP,KRAS.AMP.LUNG_UP.V1_UP,,,,,,,,,,,,,,,,,,,,,,
1253,KRAS.DF.V1_DN,KRAS.DF.V1_DN,,,,,,,,,,,,,,,,,,,,,,
1254,KRAS.DF.V1_UP,NRL_DN.V1_DN,KRAS.DF.V1_UP,,,,,,,,,,,,,,,,,,,,,
1255,TBK1.DF_DN,TBK1.DF_DN,,,,,,,,,,,,,,,,,,,,,,
1256,TBK1.DF_UP,TBK1.DF_UP,,,,,,,,,,,,,,,,,,,,,,
1257,TBK1.DN.48HRS_DN,GNF2_RAN,MODULE_363,TBK1.DN.48HRS_DN,,,,,,,,,,,,,,,,,,,,
1258,TBK1.DN.48HRS_UP,MODULE_52,TBK1.DN.48HRS_UP,,,,,,,,,,,,,,,,,,,,,
1259,NFE2L2.V2,STK33_DN,STK33_SKM_DN,NFE2L2.V2,,,,,,,,,,,,,,,,,,,,
1260,CORDENONSI_YAP_CONSERVED_SIGNATURE,CORDENONSI_YAP_CONSERVED_SIGNATURE,,,,,,,,,,,,,,,,,,,,,,
1261,JAK2_DN.V1_DN,JAK2_DN.V1_DN,,,,,,,,,,,,,,,,,,,,,,
1262,JAK2_DN.V1_UP,MORF_BCL2,RELA_DN.V1_UP,JAK2_DN.V1_UP,,,,,,,,,,,,,,,,,,,,
1263,KRAS.300_UP.V1_DN,ATM_DN.V1_UP,KRAS.300_UP.V1_DN,,,,,,,,,,,,,,,,,,,,,
1264,KRAS.300_UP.V1_UP,KEGG_CALCIUM_SIGNALING_PATHWAY,MORF_THRA,MODULE_497,KRAS.300_UP.V1_UP,KRAS.50_UP.V1_UP,,,,,,,,,,,,,,,,,,
1265,KRAS.50_UP.V1_DN,MODULE_33,KRAS.50_UP.V1_DN,,,,,,,,,,,,,,,,,,,,,
1266,KRAS.50_UP.V1_UP,KEGG_CALCIUM_SIGNALING_PATHWAY,KRAS.300_UP.V1_UP,KRAS.50_UP.V1_UP,,,,,,,,,,,,,,,,,,,,
1267,KRAS.600_UP.V1_DN,MODULE_13,IL21_UP.V1_UP,KRAS.600_UP.V1_DN,,,,,,,,,,,,,,,,,,,,
1268,KRAS.600_UP.V1_UP,KEGG_GLYCOSAMINOGLYCAN_BIOSYNTHESIS_HEPARAN_SULFATE,PTEN_DN.V1_DN,NOTCH_DN.V1_UP,IL21_UP.V1_DN,KRAS.600_UP.V1_UP,,,,,,,,,,,,,,,,,,
1269,KRAS.600.LUNG.BREAST_UP.V1_DN,PRC2_SUZ12_UP.V1_UP,CTIP_DN.V1_UP,PTEN_DN.V1_UP,KRAS.600.LUNG.BREAST_UP.V1_DN,KRAS.LUNG.BREAST_UP.V1_DN,KRAS.PROSTATE_UP.V1_UP,,,,,,,,,,,,,,,,,
1270,KRAS.600.LUNG.BREAST_UP.V1_UP,RELA_DN.V1_DN,KRAS.600.LUNG.BREAST_UP.V1_UP,,,,,,,,,,,,,,,,,,,,,
1271,KRAS.BREAST_UP.V1_DN,HALLMARK_KRAS_SIGNALING_DN,KEGG_GNRH_SIGNALING_PATHWAY,IL21_UP.V1_DN,KRAS.BREAST_UP.V1_DN,,,,,,,,,,,,,,,,,,,
1272,KRAS.BREAST_UP.V1_UP,KRAS.BREAST_UP.V1_UP,,,,,,,,,,,,,,,,,,,,,,
1273,KRAS.KIDNEY_UP.V1_DN,KRAS.KIDNEY_UP.V1_DN,,,,,,,,,,,,,,,,,,,,,,
1274,KRAS.KIDNEY_UP.V1_UP,KEGG_LONG_TERM_POTENTIATION,KRAS.KIDNEY_UP.V1_UP,,,,,,,,,,,,,,,,,,,,,
1275,KRAS.LUNG_UP.V1_DN,KRAS.LUNG_UP.V1_DN,,,,,,,,,,,,,,,,,,,,,,
1276,KRAS.LUNG_UP.V1_UP,KRAS.LUNG_UP.V1_UP,,,,,,,,,,,,,,,,,,,,,,
1277,KRAS.LUNG.BREAST_UP.V1_DN,HALLMARK_KRAS_SIGNALING_DN,PTEN_DN.V1_UP,KRAS.600.LUNG.BREAST_UP.V1_DN,KRAS.LUNG.BREAST_UP.V1_DN,,,,,,,,,,,,,,,,,,,
1278,KRAS.LUNG.BREAST_UP.V1_UP,KRAS.LUNG.BREAST_UP.V1_UP,,,,,,,,,,,,,,,,,,,,,,
1279,KRAS.PROSTATE_UP.V1_DN,KRAS.PROSTATE_UP.V1_DN,,,,,,,,,,,,,,,,,,,,,,
1280,KRAS.PROSTATE_UP.V1_UP,PRC2_SUZ12_UP.V1_UP,KRAS.600.LUNG.BREAST_UP.V1_DN,KRAS.PROSTATE_UP.V1_UP,,,,,,,,,,,,,,,,,,,,
1281,LEF1_UP.V1_DN,BMI1_DN_MEL18_DN.V1_DN,LEF1_UP.V1_DN,,,,,,,,,,,,,,,,,,,,,
1282,LEF1_UP.V1_UP,LEF1_UP.V1_UP,,,,,,,,,,,,,,,,,,,,,,
